ticker,report_date,trailing_eps
A,2021-05-25,3.79
A,2021-08-17,4.109999999999999
A,2021-11-22,4.34
A,2022-02-22,4.49
A,2022-05-24,4.65
A,2022-08-16,4.89
A,2022-11-21,5.21
A,2023-02-28,5.37
A,2023-05-23,5.51
A,2023-08-15,5.6000000000000005
A,2023-11-20,5.45
A,2024-02-27,5.37
A,2024-05-29,5.319999999999999
A,2024-08-21,5.21
A,2024-11-25,5.29
A,2025-02-26,5.31
A,2025-05-28,5.4
A,2025-08-27,5.45
A,2025-11-24,5.58
A,2026-02-25,5.630000000000001
A,2026-05-27,5.8100000000000005
AAPL,2021-07-27,5.109999999999999
AAPL,2021-10-28,5.619999999999999
AAPL,2022-01-27,6.04
AAPL,2022-04-28,6.16
AAPL,2022-07-28,6.06
AAPL,2022-10-27,6.11
AAPL,2023-02-02,5.89
AAPL,2023-05-04,5.89
AAPL,2023-08-03,5.95
AAPL,2023-11-02,6.12
AAPL,2024-02-01,6.42
AAPL,2024-05-02,6.43
AAPL,2024-08-01,6.57
AAPL,2024-10-31,6.08
AAPL,2025-01-30,6.3
AAPL,2025-05-01,6.42
AAPL,2025-07-31,6.59
AAPL,2025-10-30,7.47
AAPL,2026-01-29,7.91
AAPL,2026-04-30,8.27
AAPL,2026-07-30,8.72
ABBV,2021-07-30,11.81
ABBV,2021-10-29,12.31
ABBV,2022-02-02,12.7
ABBV,2022-04-29,12.91
ABBV,2022-07-29,13.17
ABBV,2022-10-28,13.5
ABBV,2023-02-09,13.790000000000001
ABBV,2023-04-27,13.09
ABBV,2023-07-27,12.63
ABBV,2023-10-27,11.92
ABBV,2024-02-02,11.110000000000001
ABBV,2024-04-26,10.96
ABBV,2024-07-25,10.7
ABBV,2024-10-30,10.75
ABBV,2025-01-31,10.12
ABBV,2025-04-25,10.27
ABBV,2025-07-31,10.59
ABBV,2025-10-31,9.45
ABBV,2026-02-04,10.0
ABBV,2026-04-29,10.190000000000001
ABBV,2026-07-31,10.870000000000001
ABNB,2021-11-04,-11.64
ABNB,2022-02-15,-0.7500000000000001
ABNB,2022-05-03,1.1699999999999997
ABNB,2022-08-02,1.8400000000000003
ABNB,2022-11-01,2.4000000000000004
ABNB,2023-02-14,2.8000000000000003
ABNB,2023-05-09,3.0100000000000007
ABNB,2023-08-03,3.4299999999999997
ABNB,2023-11-01,8.27
ABNB,2024-02-13,7.239999999999999
ABNB,2024-05-08,7.47
ABNB,2024-08-06,7.35
ABNB,2024-11-07,2.8499999999999996
ABNB,2025-02-13,4.129999999999999
ABNB,2025-05-01,3.96
ABNB,2025-08-06,4.129999999999999
ABNB,2025-11-06,4.209999999999999
ABNB,2026-02-12,4.039999999999999
ABNB,2026-05-07,4.06
ABNB,2026-08-06,4.3999999999999995
ABT,2021-07-22,4.92
ABT,2021-10-20,5.34
ABT,2022-01-26,5.21
ABT,2022-04-20,5.62
ABT,2022-07-20,5.88
ABT,2022-10-19,5.630000000000001
ABT,2023-01-25,5.34
ABT,2023-04-19,4.64
ABT,2023-07-20,4.29
ABT,2023-10-18,4.28
ABT,2024-01-24,4.4399999999999995
ABT,2024-04-17,4.39
ABT,2024-07-18,4.449999999999999
ABT,2024-10-16,4.52
ABT,2025-01-22,4.67
ABT,2025-04-16,4.78
ABT,2025-07-17,4.9
ABT,2025-10-15,4.99
ABT,2026-01-22,5.15
ABT,2026-04-16,5.210000000000001
ABT,2026-07-16,5.26
ACGL,2021-07-28,2.44
ACGL,2021-10-27,2.8899999999999997
ACGL,2022-02-09,3.5999999999999996
ACGL,2022-04-27,4.11
ACGL,2022-07-27,4.45
ACGL,2022-10-26,3.99
ACGL,2023-02-13,4.86
ACGL,2023-04-26,5.49
ACGL,2023-07-26,6.07
ACGL,2023-10-30,8.1
ACGL,2024-02-14,8.45
ACGL,2024-04-29,9.17
ACGL,2024-07-30,9.82
ACGL,2024-10-30,10.07
ACGL,2025-02-10,9.84
ACGL,2025-04-29,8.93
ACGL,2025-07-29,8.94
ACGL,2025-10-27,9.15
ACGL,2026-02-09,9.870000000000001
ACGL,2026-04-28,10.830000000000002
ACGL,2026-07-28,10.809999999999999
ACN,2021-06-24,8.3
ACN,2021-09-23,8.8
ACN,2021-12-16,9.41
ACN,2022-03-17,9.92
ACN,2022-06-23,10.42
ACN,2022-09-22,10.819999999999999
ACN,2022-12-16,11.12
ACN,2023-03-23,10.97
ACN,2023-06-22,11.22
ACN,2023-09-28,11.33
ACN,2023-12-19,11.52
ACN,2024-03-21,11.9
ACN,2024-06-20,11.879999999999999
ACN,2024-09-26,11.96
ACN,2024-12-19,12.280000000000001
ACN,2025-03-20,12.329999999999998
ACN,2025-06-20,12.690000000000001
ACN,2025-09-25,12.93
ACN,2025-12-18,13.28
ACN,2026-03-19,13.39
ACN,2026-06-18,13.7
ADBE,2021-06-17,11.55
ADBE,2021-09-21,12.09
ADBE,2021-12-16,12.48
ADBE,2022-03-22,12.71
ADBE,2022-06-16,13.03
ADBE,2022-09-15,13.32
ADBE,2022-12-15,13.72
ADBE,2023-03-15,14.149999999999999
ADBE,2023-06-15,14.71
ADBE,2023-09-14,15.41
ADBE,2023-12-13,16.08
ADBE,2024-03-14,16.759999999999998
ADBE,2024-06-13,17.33
ADBE,2024-09-12,17.880000000000003
ADBE,2024-12-11,18.42
ADBE,2025-03-12,19.020000000000003
ADBE,2025-06-12,19.6
ADBE,2025-09-11,20.259999999999998
ADBE,2025-12-10,20.95
ADBE,2026-03-12,21.93
ADBE,2026-06-11,22.83
ADI,2021-08-18,6.14
ADI,2021-11-23,6.43
ADI,2022-02-16,6.93
ADI,2022-05-18,7.79
ADI,2022-08-17,8.59
ADI,2022-11-22,9.59
ADI,2023-02-15,10.4
ADI,2023-05-24,10.83
ADI,2023-08-23,10.8
ADI,2023-11-21,10.08
ADI,2024-02-21,9.06
ADI,2024-05-22,7.63
ADI,2024-08-21,6.72
ADI,2024-11-26,6.38
ADI,2025-02-19,6.28
ADI,2025-05-22,6.73
ADI,2025-08-20,7.199999999999999
ADI,2025-11-25,7.789999999999999
ADI,2026-02-18,8.62
ADI,2026-05-20,9.86
ADI,2026-08-19,11.26
ADM,2021-07-27,4.82
ADM,2021-10-26,4.9
ADM,2022-01-25,5.1899999999999995
ADM,2022-04-26,5.7
ADM,2022-07-26,6.52
ADM,2022-10-25,7.409999999999999
ADM,2023-01-26,7.84
ADM,2023-04-25,8.03
ADM,2023-07-25,7.77
ADM,2023-10-24,7.54
ADM,2024-03-12,6.969999999999999
ADM,2024-04-30,6.34
ADM,2024-07-30,5.4799999999999995
ADM,2024-11-18,4.9399999999999995
ADM,2025-02-04,4.72
ADM,2025-05-06,3.96
ADM,2025-08-05,3.86
ADM,2025-11-04,3.69
ADM,2026-02-03,3.42
ADM,2026-05-05,3.43
ADM,2026-08-04,4.34
ADP,2021-07-28,6.02
ADP,2021-10-27,6.26
ADP,2022-01-26,6.39
ADP,2022-04-27,6.71
ADP,2022-07-27,7.01
ADP,2022-10-26,7.22
ADP,2023-01-25,7.53
ADP,2023-04-26,7.84
ADP,2023-07-26,8.23
ADP,2023-10-25,8.45
ADP,2024-01-31,8.62
ADP,2024-05-01,8.98
ADP,2024-07-31,9.18
ADP,2024-10-30,9.43
ADP,2025-01-29,9.65
ADP,2025-04-30,9.83
ADP,2025-07-30,10.0
ADP,2025-10-29,10.16
ADP,2026-01-28,10.43
ADP,2026-04-29,10.74
ADP,2026-07-28,11.120000000000001
ADSK,2021-05-27,4.23
ADSK,2021-08-25,4.46
ADSK,2021-11-23,4.75
ADSK,2022-02-24,5.07
ADSK,2022-05-26,5.47
ADSK,2022-08-24,5.91
ADSK,2022-11-22,6.279999999999999
ADSK,2023-02-23,6.64
ADSK,2023-05-25,6.76
ADSK,2023-08-23,7.02
ADSK,2023-11-21,7.390000000000001
ADSK,2024-02-29,7.62
ADSK,2024-06-10,7.94
ADSK,2024-08-29,8.18
ADSK,2024-11-26,8.28
ADSK,2025-02-27,8.48
ADSK,2025-05-22,8.9
ADSK,2025-08-28,9.37
ADSK,2025-11-25,9.87
ADSK,2026-02-26,10.43
ADSK,2026-05-28,11.129999999999999
AEE,2021-08-05,3.64
AEE,2021-11-03,3.82
AEE,2022-02-17,3.84
AEE,2022-05-05,3.8999999999999995
AEE,2022-08-04,3.9
AEE,2022-11-03,3.99
AEE,2023-02-15,4.14
AEE,2023-05-04,4.17
AEE,2023-08-02,4.2700000000000005
AEE,2023-11-08,4.4
AEE,2024-02-22,4.37
AEE,2024-05-02,4.35
AEE,2024-08-01,4.42
AEE,2024-11-06,4.42
AEE,2025-02-13,4.59
AEE,2025-05-01,4.68
AEE,2025-07-31,4.720000000000001
AEE,2025-11-05,5.2
AEE,2026-02-11,5.21
AEE,2026-05-05,5.42
AEE,2026-07-30,5.540000000000001
AEP,2021-07-22,4.67
AEP,2021-10-28,4.63
AEP,2022-02-24,4.74
AEP,2022-04-28,4.81
AEP,2022-07-27,4.83
AEP,2022-10-27,5.02
AEP,2023-02-23,5.09
AEP,2023-05-04,4.98
AEP,2023-07-27,4.91
AEP,2023-11-02,5.0600000000000005
AEP,2024-02-26,5.24
AEP,2024-04-30,5.4
AEP,2024-07-30,5.52
AEP,2024-11-06,5.6
AEP,2025-02-13,5.609999999999999
AEP,2025-05-06,5.88
AEP,2025-07-30,6.0600000000000005
AEP,2025-10-29,6.010000000000001
AEP,2026-02-12,5.96
AEP,2026-05-05,6.0600000000000005
AEP,2026-07-30,5.99
AES,2021-08-04,1.49
AES,2021-11-03,1.57
AES,2022-02-24,1.54
AES,2022-05-05,1.47
AES,2022-08-04,1.5
AES,2022-11-04,1.63
AES,2023-02-27,1.67
AES,2023-05-04,1.6800000000000002
AES,2023-08-03,1.55
AES,2023-11-02,1.52
AES,2024-02-26,1.7599999999999998
AES,2024-05-02,2.04
AES,2024-08-01,2.21
AES,2024-10-31,2.32
AES,2025-02-28,2.13
AES,2025-05-01,1.9
AES,2025-07-31,2.0300000000000002
AES,2025-11-04,2.0700000000000003
AES,2026-03-02,2.34
AES,2026-05-05,2.84
AES,2026-08-04,2.77
AFL,2021-07-28,5.54
AFL,2021-10-27,5.710000000000001
AFL,2022-02-02,5.99
AFL,2022-04-27,5.9
AFL,2022-08-01,5.77
AFL,2022-10-31,5.359999999999999
AFL,2023-02-01,5.319999999999999
AFL,2023-04-26,5.45
AFL,2023-08-01,5.57
AFL,2023-11-01,6.26
AFL,2024-01-31,6.220000000000001
AFL,2024-05-01,6.33
AFL,2024-07-31,6.58
AFL,2024-10-30,6.9
AFL,2025-02-05,7.210000000000001
AFL,2025-04-30,7.21
AFL,2025-08-05,7.16
AFL,2025-11-04,7.49
AFL,2026-02-04,7.5
AFL,2026-04-29,7.590000000000001
AFL,2026-08-06,7.5600000000000005
AIG,2021-08-05,4.32
AIG,2021-11-04,4.48
AIG,2022-02-16,5.12
AIG,2022-05-03,5.37
AIG,2022-08-08,5.04
AIG,2022-11-01,4.73
AIG,2023-02-15,4.51
AIG,2023-05-04,4.84
AIG,2023-08-01,5.4
AIG,2023-11-01,6.35
AIG,2024-02-13,6.78
AIG,2024-05-01,6.890000000000001
AIG,2024-07-31,6.300000000000001
AIG,2024-11-04,5.4
AIG,2025-02-11,4.91
AIG,2025-05-01,4.33
AIG,2025-08-06,5.1499999999999995
AIG,2025-11-04,6.64
AIG,2026-02-10,7.3
AIG,2026-04-30,8.25
AIG,2026-08-06,8.27
AIZ,2021-08-03,8.690000000000001
AIZ,2021-11-02,8.69
AIZ,2022-02-08,9.34
AIZ,2022-05-03,10.620000000000001
AIZ,2022-08-02,10.58
AIZ,2022-11-01,10.18
AIZ,2023-02-07,10.940000000000001
AIZ,2023-05-02,9.940000000000001
AIZ,2023-08-03,10.88
AIZ,2023-10-31,14.16
AIZ,2024-02-06,15.51
AIZ,2024-05-07,17.54
AIZ,2024-08-06,17.73
AIZ,2024-11-05,16.44
AIZ,2025-02-11,16.65
AIZ,2025-05-06,15.26
AIZ,2025-08-05,16.28
AIZ,2025-11-04,19.009999999999998
AIZ,2026-02-10,19.830000000000002
AIZ,2026-05-05,22.39
AIZ,2026-08-04,23.7
AJG,2021-07-29,5.15
AJG,2021-10-28,5.4
AJG,2022-01-27,5.5
AJG,2022-04-28,6.29
AJG,2022-07-28,6.82
AJG,2022-10-27,7.21
AJG,2023-01-26,7.7700000000000005
AJG,2023-04-27,7.99
AJG,2023-07-27,8.19
AJG,2023-10-26,8.469999999999999
AJG,2024-01-25,8.78
AJG,2024-04-25,9.24
AJG,2024-07-25,9.6
AJG,2024-10-24,9.86
AJG,2025-01-30,10.14
AJG,2025-05-01,10.32
AJG,2025-07-31,10.39
AJG,2025-10-30,10.45
AJG,2026-01-29,10.7
AJG,2026-04-30,11.5
AJG,2026-07-30,12.009999999999998
AKAM,2021-08-03,5.4399999999999995
AKAM,2021-11-02,5.579999999999999
AKAM,2022-02-15,5.74
AKAM,2022-05-03,5.749999999999999
AKAM,2022-08-09,5.680000000000001
AKAM,2022-11-08,5.49
AKAM,2023-02-14,5.37
AKAM,2023-05-09,5.380000000000001
AKAM,2023-08-08,5.52
AKAM,2023-11-07,5.89
AKAM,2024-02-13,6.21
AKAM,2024-05-09,6.45
AKAM,2024-08-08,6.54
AKAM,2024-11-07,6.5
AKAM,2025-02-20,6.47
AKAM,2025-05-08,6.53
AKAM,2025-08-07,6.68
AKAM,2025-11-06,6.95
AKAM,2026-02-19,7.13
AKAM,2026-05-07,7.04
AKAM,2026-08-06,6.9
ALB,2021-08-04,4.25
ALB,2021-11-03,4.210000000000001
ALB,2022-02-16,4.050000000000001
ALB,2022-05-04,5.33
ALB,2022-08-03,7.890000000000001
ALB,2022-11-02,14.34
ALB,2023-02-15,21.95
ALB,2023-05-03,29.89
ALB,2023-08-02,33.769999999999996
ALB,2023-11-01,29.009999999999998
ALB,2024-02-14,22.240000000000002
ALB,2024-05-01,12.18
ALB,2024-07-31,4.890000000000001
ALB,2024-11-06,0.6000000000000001
ALB,2025-02-12,-2.34
ALB,2025-04-30,-2.78
ALB,2025-07-30,-2.71
ALB,2025-11-05,-1.35
ALB,2026-02-11,-0.79
ALB,2026-05-06,2.34
ALB,2026-08-05,5.98
ALGN,2021-07-28,10.39
ALGN,2021-10-27,11.01
ALGN,2022-02-02,11.23
ALGN,2022-04-27,10.870000000000001
ALGN,2022-07-27,9.83
ALGN,2022-10-26,8.32
ALGN,2023-02-01,7.220000000000001
ALGN,2023-04-26,6.91
ALGN,2023-07-26,7.13
ALGN,2023-10-25,7.91
ALGN,2024-01-31,8.6
ALGN,2024-04-24,8.92
ALGN,2024-07-24,9.11
ALGN,2024-10-23,9.32
ALGN,2025-02-05,9.34
ALGN,2025-04-30,9.33
ALGN,2025-07-30,9.41
ALGN,2025-10-29,9.67
ALGN,2026-02-04,10.52
ALGN,2026-04-29,10.97
ALGN,2026-07-29,11.120000000000001
ALL,2021-08-04,18.71
ALL,2021-11-03,16.5
ALL,2022-02-02,13.379999999999999
ALL,2022-05-04,9.85
ALL,2022-08-03,5.299999999999999
ALL,2022-11-02,3.009999999999999
ALL,2023-02-01,-1.100000000000001
ALL,2023-05-03,-4.980000000000001
ALL,2023-08-01,-8.64
ALL,2023-11-01,-6.270000000000001
ALL,2024-02-07,0.9099999999999984
ALL,2024-05-01,7.339999999999999
ALL,2024-07-31,13.369999999999997
ALL,2024-10-30,16.95
ALL,2025-02-05,18.2
ALL,2025-04-30,16.6
ALL,2025-07-30,22.75
ALL,2025-11-05,32.309999999999995
ALL,2026-02-04,39.61
ALL,2026-04-29,46.73
ALL,2026-08-05,47.959999999999994
ALLE,2021-07-22,5.68
ALLE,2021-10-21,5.57
ALLE,2022-02-15,5.1899999999999995
ALLE,2022-04-26,5.0600000000000005
ALLE,2022-07-28,5.11
ALLE,2022-10-27,5.19
ALLE,2023-02-22,5.68
ALLE,2023-04-26,6.1899999999999995
ALLE,2023-07-26,6.58
ALLE,2023-10-31,6.88
ALLE,2024-02-20,6.959999999999999
ALLE,2024-04-25,6.93
ALLE,2024-07-24,7.13
ALLE,2024-10-24,7.3500000000000005
ALLE,2025-02-18,7.53
ALLE,2025-04-24,7.84
ALLE,2025-07-24,7.92
ALLE,2025-10-23,8.06
ALLE,2026-02-17,8.14
ALLE,2026-04-28,8.08
ALLE,2026-07-23,8.44
AMAT,2021-08-19,6.17
AMAT,2021-11-18,6.859999999999999
AMAT,2022-02-16,7.359999999999999
AMAT,2022-05-19,7.58
AMAT,2022-08-18,7.619999999999999
AMAT,2022-11-17,7.71
AMAT,2023-02-16,7.85
AMAT,2023-05-18,8.0
AMAT,2023-08-17,7.96
AMAT,2023-11-16,8.05
AMAT,2024-02-15,8.15
AMAT,2024-05-16,8.24
AMAT,2024-08-15,8.46
AMAT,2024-11-14,8.66
AMAT,2025-02-13,8.91
AMAT,2025-05-15,9.21
AMAT,2025-08-14,9.57
AMAT,2025-11-13,9.42
AMAT,2026-02-12,9.42
AMAT,2026-05-14,9.89
AMAT,2026-08-13,10.91
AMCR,2021-08-17,3.73
AMCR,2021-11-02,3.83
AMCR,2022-02-01,3.8600000000000003
AMCR,2022-05-03,3.9699999999999998
AMCR,2022-08-17,4.04
AMCR,2022-11-01,4.06
AMCR,2023-02-07,4.08
AMCR,2023-05-02,3.9400000000000004
AMCR,2023-08-16,3.69
AMCR,2023-10-31,3.56
AMCR,2024-02-06,3.42
AMCR,2024-04-30,3.4299999999999997
AMCR,2024-08-15,3.5200000000000005
AMCR,2024-10-31,3.55
AMCR,2025-02-04,3.5700000000000003
AMCR,2025-04-30,3.5800000000000005
AMCR,2025-08-14,3.5200000000000005
AMCR,2025-11-05,3.6799999999999997
AMCR,2026-02-03,3.7300000000000004
AMCR,2026-05-06,3.79
AMCR,2026-08-12,4.02
AMD,2021-07-27,2.08
AMD,2021-10-26,2.4
AMD,2022-02-01,2.8
AMD,2022-05-03,3.41
AMD,2022-08-02,3.83
AMD,2022-11-01,3.77
AMD,2023-01-31,3.5399999999999996
AMD,2023-05-02,3.0100000000000002
AMD,2023-08-01,2.54
AMD,2023-10-31,2.57
AMD,2024-01-30,2.65
AMD,2024-04-30,2.67
AMD,2024-07-30,2.78
AMD,2024-10-29,3.0
AMD,2025-02-04,3.3200000000000003
AMD,2025-05-06,3.66
AMD,2025-08-05,3.45
AMD,2025-11-04,3.7300000000000004
AMD,2026-02-03,4.17
AMD,2026-05-05,4.58
AMD,2026-08-04,5.76
AME,2021-08-03,4.3100000000000005
AME,2021-11-02,4.5600000000000005
AME,2022-02-03,4.8500000000000005
AME,2022-05-03,5.11
AME,2022-08-02,5.34
AME,2022-11-01,5.53
AME,2023-02-02,5.68
AME,2023-05-02,5.84
AME,2023-08-01,6.03
AME,2023-10-31,6.22
AME,2024-02-06,6.379999999999999
AME,2024-05-02,6.53
AME,2024-08-01,6.619999999999999
AME,2024-10-31,6.64
AME,2025-02-04,6.829999999999999
AME,2025-05-01,6.9399999999999995
AME,2025-07-31,7.06
AME,2025-10-30,7.29
AME,2026-02-03,7.43
AME,2026-04-30,7.6499999999999995
AME,2026-08-04,7.959999999999999
AMGN,2021-08-03,16.259999999999998
AMGN,2021-11-02,16.56
AMGN,2022-02-07,17.11
AMGN,2022-04-27,17.66
AMGN,2022-08-04,17.93
AMGN,2022-11-03,17.96
AMGN,2023-01-31,17.69
AMGN,2023-04-27,17.42
AMGN,2023-08-03,17.77
AMGN,2023-10-31,18.03
AMGN,2024-02-06,18.65
AMGN,2024-05-02,18.63
AMGN,2024-08-06,18.6
AMGN,2024-10-30,19.22
AMGN,2025-02-04,19.82
AMGN,2025-05-01,20.759999999999998
AMGN,2025-08-05,21.81
AMGN,2025-11-04,21.869999999999997
AMGN,2026-02-03,21.849999999999998
AMGN,2026-04-30,22.1
AMGN,2026-08-04,22.37
AMP,2021-07-26,16.7
AMP,2021-10-26,21.09
AMP,2022-01-26,22.71
AMP,2022-04-25,23.26
AMP,2022-07-26,23.800000000000004
AMP,2022-10-25,23.18
AMP,2023-01-25,23.970000000000002
AMP,2023-04-24,25.240000000000002
AMP,2023-07-26,26.869999999999997
AMP,2023-10-25,29.310000000000002
AMP,2024-01-24,29.57
AMP,2024-04-22,30.71
AMP,2024-07-24,31.800000000000004
AMP,2024-10-23,32.22
AMP,2025-01-29,35.6
AMP,2025-04-24,36.71
AMP,2025-07-24,37.29
AMP,2025-10-30,39.06
AMP,2026-01-29,39.31
AMP,2026-04-23,41.07
AMP,2026-07-23,43.03
AMT,2021-07-29,4.890000000000001
AMT,2021-10-28,5.35
AMT,2022-02-24,5.3
AMT,2022-04-27,5.5600000000000005
AMT,2022-07-28,5.86
AMT,2022-10-27,6.08
AMT,2023-02-23,3.8400000000000007
AMT,2023-04-26,3.0
AMT,2023-07-27,2.0700000000000003
AMT,2023-10-26,2.15
AMT,2024-02-27,3.87
AMT,2024-04-30,5.109999999999999
AMT,2024-07-30,6.01
AMT,2024-10-29,5.02
AMT,2025-02-25,7.39
AMT,2025-04-29,6.47
AMT,2025-07-29,5.330000000000001
AMT,2025-10-28,6.26
AMT,2026-02-24,5.390000000000001
AMT,2026-04-28,6.19
AMT,2026-07-28,7.28
AMZN,2021-07-29,2.87
AMZN,2021-10-28,2.56
AMZN,2022-02-03,3.25
AMZN,2022-04-28,2.08
AMZN,2022-07-28,1.1199999999999997
AMZN,2022-10-27,1.0899999999999999
AMZN,2023-02-02,-0.27
AMZN,2023-04-27,0.42000000000000004
AMZN,2023-08-03,1.27
AMZN,2023-10-26,1.9300000000000002
AMZN,2024-02-01,2.9
AMZN,2024-04-30,3.57
AMZN,2024-08-01,4.18
AMZN,2024-10-31,4.67
AMZN,2025-02-06,5.53
AMZN,2025-05-01,6.140000000000001
AMZN,2025-07-31,6.5600000000000005
AMZN,2025-10-30,7.08
AMZN,2026-02-05,7.17
AMZN,2026-04-29,8.36
AMZN,2026-07-30,12.43
ANET,2021-08-02,0.64
ANET,2021-11-01,0.6799999999999999
ANET,2022-02-14,0.7300000000000001
ANET,2022-05-02,0.78
ANET,2022-08-01,0.88
ANET,2022-10-31,1.0
ANET,2023-02-13,1.14
ANET,2023-05-01,1.29
ANET,2023-07-31,1.42
ANET,2023-10-30,1.5699999999999998
ANET,2024-02-12,1.7400000000000002
ANET,2024-05-07,1.88
ANET,2024-07-30,2.0100000000000002
ANET,2024-11-07,2.1500000000000004
ANET,2025-02-18,2.2800000000000002
ANET,2025-05-06,2.43
ANET,2025-08-05,2.63
ANET,2025-11-04,2.7800000000000002
ANET,2026-02-12,2.9499999999999997
ANET,2026-05-05,3.17
ANET,2026-08-04,3.46
AON,2021-07-30,10.72
AON,2021-10-29,10.930000000000001
AON,2022-02-04,12.02
AON,2022-04-29,12.57
AON,2022-07-29,12.91
AON,2022-10-28,13.190000000000001
AON,2023-02-03,13.370000000000001
AON,2023-04-28,13.71
AON,2023-07-28,13.84
AON,2023-10-27,14.139999999999999
AON,2024-02-02,14.14
AON,2024-04-26,14.629999999999999
AON,2024-07-26,14.8
AON,2024-10-25,15.200000000000001
AON,2025-01-31,15.73
AON,2025-04-25,15.74
AON,2025-07-25,16.3
AON,2025-10-31,16.63
AON,2026-01-30,17.06
AON,2026-05-01,17.87
AON,2026-07-29,18.19
AOS,2021-07-29,2.73
AOS,2021-10-28,2.8899999999999997
AOS,2022-01-27,3.02
AOS,2022-04-28,3.19
AOS,2022-07-28,3.28
AOS,2022-10-27,3.15
AOS,2023-01-31,3.1399999999999997
AOS,2023-04-27,3.3099999999999996
AOS,2023-07-27,3.5
AOS,2023-10-26,3.71
AOS,2024-01-30,3.82
AOS,2024-04-25,3.88
AOS,2024-07-23,3.93
AOS,2024-10-22,3.85
AOS,2025-01-30,3.73
AOS,2025-04-29,3.6799999999999997
AOS,2025-07-24,3.69
AOS,2025-10-28,3.81
AOS,2026-01-29,3.86
AOS,2026-04-30,3.7600000000000002
AOS,2026-07-30,3.7199999999999998
APA,2021-08-04,1.4
APA,2021-11-03,2.54
APA,2022-02-21,3.8800000000000003
APA,2022-05-04,4.890000000000001
APA,2022-08-03,6.5600000000000005
APA,2022-11-03,7.550000000000001
APA,2023-02-23,7.739999999999999
APA,2023-05-04,7.010000000000001
APA,2023-08-02,5.49
APA,2023-11-01,4.85
APA,2024-02-21,4.52
APA,2024-05-01,4.109999999999999
APA,2024-07-30,4.43
APA,2024-11-07,4.1
APA,2025-02-25,3.74
APA,2025-05-06,4.02
APA,2025-08-05,3.7199999999999998
APA,2025-11-05,3.65
APA,2026-02-25,3.7700000000000005
APA,2026-05-06,4.09
APA,2026-08-05,5.11
APD,2021-08-09,8.7
APD,2021-11-04,9.02
APD,2022-02-04,9.42
APD,2022-05-05,9.719999999999999
APD,2022-08-04,10.03
APD,2022-11-03,10.41
APD,2023-02-02,10.530000000000001
APD,2023-05-09,10.89
APD,2023-08-03,11.25
APD,2023-11-07,11.51
APD,2024-02-05,11.69
APD,2024-04-30,11.799999999999999
APD,2024-08-01,12.020000000000001
APD,2024-11-07,12.43
APD,2025-02-06,12.47
APD,2025-05-01,12.31
APD,2025-07-31,12.2
APD,2025-11-06,12.030000000000001
APD,2026-01-30,12.33
APD,2026-04-30,12.84
APD,2026-07-30,13.22
APH,2021-07-28,1.12
APH,2021-10-27,1.1800000000000002
APH,2022-01-26,1.25
APH,2022-04-27,1.33
APH,2022-07-27,1.4
APH,2022-10-26,1.47
APH,2023-01-25,1.51
APH,2023-04-26,1.52
APH,2023-07-26,1.5
APH,2023-10-25,1.49
APH,2024-01-24,1.51
APH,2024-04-24,1.56
APH,2024-07-24,1.6400000000000001
APH,2024-10-23,1.75
APH,2025-01-22,1.8900000000000001
APH,2025-04-23,2.12
APH,2025-07-23,2.49
APH,2025-10-22,2.92
APH,2026-01-28,3.3400000000000003
APH,2026-04-29,3.77
APH,2026-07-29,4.3100000000000005
APO,2021-08-04,2.9899999999999998
APO,2021-11-02,4.2299999999999995
APO,2022-02-11,4.56
APO,2022-05-05,5.42
APO,2022-08-04,5.22
APO,2022-11-02,4.84
APO,2023-02-09,5.21
APO,2023-05-09,5.109999999999999
APO,2023-08-03,5.87
APO,2023-11-01,6.25
APO,2024-02-08,6.74
APO,2024-05-02,7.04
APO,2024-08-01,6.9799999999999995
APO,2024-11-05,7.12
APO,2025-02-04,7.43
APO,2025-05-02,7.53
APO,2025-08-05,7.8100000000000005
APO,2025-11-04,8.129999999999999
APO,2026-02-09,8.38
APO,2026-05-06,8.5
APO,2026-08-04,8.69
APP,2022-05-11,0.96
APP,2022-08-10,0.54
APP,2022-11-09,0.5599999999999999
APP,2023-02-08,-0.16
APP,2023-05-10,-0.010000000000000009
APP,2023-08-09,0.45999999999999996
APP,2023-11-08,0.7
APP,2024-02-14,1.41
APP,2024-05-08,2.12
APP,2024-08-07,2.88
APP,2024-11-06,4.050000000000001
APP,2025-02-12,5.63
APP,2025-05-07,7.09
APP,2025-08-06,8.28
APP,2025-11-05,9.36
APP,2026-02-11,10.77
APP,2026-05-06,12.15
APP,2026-08-05,13.549999999999999
APTV,2021-08-05,3.92
APTV,2021-11-04,3.17
APTV,2022-02-03,2.6
APTV,2022-05-05,2.17
APTV,2022-08-04,1.79
APTV,2022-11-03,2.6900000000000004
APTV,2023-02-02,3.4000000000000004
APTV,2023-05-04,3.68
APTV,2023-08-03,4.71
APTV,2023-11-02,4.7299999999999995
APTV,2024-01-31,4.86
APTV,2024-05-02,5.109999999999999
APTV,2024-08-01,5.4399999999999995
APTV,2024-10-31,5.970000000000001
APTV,2025-02-06,6.32
APTV,2025-05-01,6.85
APTV,2025-07-31,7.39
APTV,2025-10-30,7.73
APTV,2026-02-02,7.840000000000001
APTV,2026-05-05,7.86
APTV,2026-08-04,7.37
ARE,2021-07-26,2.63
ARE,2021-10-25,2.77
ARE,2022-01-31,2.7299999999999995
ARE,2022-04-25,2.7199999999999998
ARE,2022-07-25,2.77
ARE,2022-10-24,2.42
ARE,2023-01-30,2.15
ARE,2023-04-24,2.27
ARE,2023-07-24,2.0
ARE,2023-10-23,2.52
ARE,2024-01-29,3.03
ARE,2024-04-22,3.0900000000000003
ARE,2024-07-22,3.46
ARE,2024-10-21,3.46
ARE,2025-01-27,3.33
ARE,2025-04-28,2.9499999999999997
ARE,2025-07-21,2.55
ARE,2025-10-27,2.1799999999999997
ARE,2026-01-26,-4.859999999999999
ARE,2026-04-27,-3.269999999999999
ARE,2026-08-03,-3.599999999999999
ARES,2021-07-29,2.12
ARES,2021-10-27,2.2600000000000002
ARES,2022-02-11,2.5700000000000003
ARES,2022-04-28,2.7600000000000002
ARES,2022-07-28,2.86
ARES,2022-10-27,2.9899999999999998
ARES,2023-02-09,3.3499999999999996
ARES,2023-04-28,3.4099999999999997
ARES,2023-08-01,3.57
ARES,2023-10-31,3.65
ARES,2024-02-08,3.65
ARES,2024-05-02,3.74
ARES,2024-08-02,3.83
ARES,2024-11-01,3.95
ARES,2025-02-05,3.9699999999999998
ARES,2025-05-05,4.26
ARES,2025-08-01,4.3
ARES,2025-11-03,4.54
ARES,2026-02-05,4.76
ARES,2026-05-01,4.91
ARES,2026-07-31,5.17
ATO,2021-08-04,5.32
ATO,2021-11-10,5.16
ATO,2022-02-08,5.3100000000000005
ATO,2022-05-04,5.380000000000001
ATO,2022-08-03,5.5200000000000005
ATO,2022-11-09,5.66
ATO,2023-02-07,5.71
ATO,2023-05-03,5.82
ATO,2023-08-02,5.84
ATO,2023-11-08,6.13
ATO,2024-02-06,6.3
ATO,2024-05-08,6.67
ATO,2024-08-07,6.8100000000000005
ATO,2024-11-18,6.84
ATO,2025-02-04,6.99
ATO,2025-05-07,7.17
ATO,2025-08-06,7.25
ATO,2025-11-06,7.49
ATO,2026-02-03,7.699999999999999
ATO,2026-05-06,8.14
ATO,2026-08-05,8.41
AVGO,2021-06-03,2.5
AVGO,2021-09-02,2.66
AVGO,2021-12-09,2.8
AVGO,2022-03-03,2.9799999999999995
AVGO,2022-05-26,3.23
AVGO,2022-09-01,3.5
AVGO,2022-12-08,3.77
AVGO,2023-03-02,3.96
AVGO,2023-06-01,4.08
AVGO,2023-08-31,4.16
AVGO,2023-12-07,4.220000000000001
AVGO,2024-03-07,4.29
AVGO,2024-06-12,4.36
AVGO,2024-09-05,4.550000000000001
AVGO,2024-12-12,4.86
AVGO,2025-03-06,5.36
AVGO,2025-06-05,5.84
AVGO,2025-09-04,6.29
AVGO,2025-12-11,6.82
AVGO,2026-03-04,7.27
AVGO,2026-06-03,8.129999999999999
AVY,2021-07-28,8.83
AVY,2021-10-27,9.06
AVY,2022-02-02,8.92
AVY,2022-04-26,8.92
AVY,2022-07-27,9.31
AVY,2022-10-26,9.63
AVY,2023-02-02,9.15
AVY,2023-04-26,8.45
AVY,2023-07-25,7.73
AVY,2023-10-25,7.37
AVY,2024-01-31,7.880000000000001
AVY,2024-04-24,8.47
AVY,2024-07-23,8.97
AVY,2024-10-23,9.2
AVY,2025-01-30,9.42
AVY,2025-04-23,9.43
AVY,2025-07-22,9.43
AVY,2025-10-22,9.469999999999999
AVY,2026-02-04,9.54
AVY,2026-04-28,9.71
AVY,2026-07-30,10.18
AWK,2021-08-02,4.109999999999999
AWK,2021-11-02,4.18
AWK,2022-02-16,4.25
AWK,2022-04-27,4.390000000000001
AWK,2022-07-27,4.45
AWK,2022-10-31,4.55
AWK,2023-02-15,4.51
AWK,2023-04-26,4.55
AWK,2023-07-26,4.789999999999999
AWK,2023-11-01,4.819999999999999
AWK,2024-02-14,4.89
AWK,2024-05-01,4.93
AWK,2024-07-31,4.91
AWK,2024-10-30,5.05
AWK,2025-02-19,5.39
AWK,2025-04-30,5.489999999999999
AWK,2025-07-30,5.550000000000001
AWK,2025-10-29,5.6899999999999995
AWK,2026-02-18,5.71
AWK,2026-04-29,5.67
AWK,2026-07-29,5.8
AXON,2021-08-05,2.09
AXON,2021-11-15,2.8600000000000003
AXON,2022-02-24,2.3200000000000003
AXON,2022-05-10,2.46
AXON,2022-08-09,2.52
AXON,2022-11-08,1.9500000000000002
AXON,2023-02-28,2.1900000000000004
AXON,2023-05-09,2.62
AXON,2023-08-08,3.29
AXON,2023-11-07,3.7100000000000004
AXON,2024-02-27,4.130000000000001
AXON,2024-05-06,4.4
AXON,2024-08-06,4.49
AXON,2024-11-07,4.92
AXON,2025-02-25,5.88
AXON,2025-05-07,6.140000000000001
AXON,2025-08-04,7.0600000000000005
AXON,2025-11-04,6.78
AXON,2026-02-24,6.85
AXON,2026-05-06,7.05
AXON,2026-08-05,6.81
AXP,2021-07-23,8.6
AXP,2021-10-22,9.57
AXP,2022-01-25,9.99
AXP,2022-04-22,9.98
AXP,2022-07-22,9.75
AXP,2022-10-21,9.95
AXP,2023-01-27,9.84
AXP,2023-04-20,9.51
AXP,2023-07-21,9.83
AXP,2023-10-20,10.66
AXP,2024-01-26,11.209999999999999
AXP,2024-04-19,12.139999999999999
AXP,2024-07-19,13.4
AXP,2024-10-18,13.59
AXP,2025-01-24,14.010000000000002
AXP,2025-04-17,14.32
AXP,2025-07-18,14.25
AXP,2025-10-17,14.899999999999999
AXP,2026-01-30,15.39
AXP,2026-04-23,16.03
AXP,2026-07-24,16.48
AZO,2021-05-25,90.95
AZO,2021-09-21,95.74000000000001
AZO,2021-12-07,102.82000000000001
AZO,2022-03-01,110.19000000000001
AZO,2022-05-24,112.74000000000001
AZO,2022-09-19,117.53
AZO,2022-12-06,119.29
AZO,2023-02-28,121.63000000000001
AZO,2023-06-09,126.03
AZO,2023-09-19,131.98000000000002
AZO,2023-12-05,137.08
AZO,2024-02-27,141.33
AZO,2024-05-21,144.59
AZO,2024-09-24,146.24
AZO,2024-12-10,146.21000000000004
AZO,2025-03-04,145.61
AZO,2025-05-27,144.28
AZO,2025-09-23,144.88000000000002
AZO,2025-12-09,143.4
AZO,2026-03-03,142.74
AZO,2026-05-26,145.45
BA,2021-07-28,-17.77
BA,2021-10-27,-16.98
BA,2022-01-26,-9.42
BA,2022-04-27,-10.64
BA,2022-07-27,-11.41
BA,2022-10-26,-16.990000000000002
BA,2023-01-25,-11.049999999999999
BA,2023-04-26,-9.569999999999999
BA,2023-07-26,-10.02
BA,2023-10-25,-7.099999999999999
BA,2024-01-31,-5.8199999999999985
BA,2024-04-24,-5.679999999999999
BA,2024-07-31,-7.759999999999999
BA,2024-10-23,-14.939999999999998
BA,2025-01-28,-20.369999999999997
BA,2025-04-23,-19.73
BA,2025-07-29,-18.069999999999997
BA,2025-10-29,-15.1
BA,2026-01-27,0.7200000000000006
BA,2026-04-22,1.0100000000000007
BA,2026-07-28,1.4900000000000009
BAC,2021-07-14,2.99
BAC,2021-10-14,3.33
BAC,2022-01-19,3.5599999999999996
BAC,2022-04-18,3.5
BAC,2022-07-18,3.1999999999999997
BAC,2022-10-17,3.16
BAC,2023-01-13,3.19
BAC,2023-04-18,3.33
BAC,2023-07-18,3.48
BAC,2023-10-17,3.57
BAC,2024-01-12,3.07
BAC,2024-04-16,2.8899999999999997
BAC,2024-07-16,2.84
BAC,2024-10-15,2.75
BAC,2025-01-16,3.2199999999999998
BAC,2025-04-15,3.3600000000000003
BAC,2025-07-16,3.42
BAC,2025-10-15,3.67
BAC,2026-01-14,3.83
BAC,2026-04-15,4.04
BAC,2026-07-14,4.36
BALL,2021-08-05,3.2800000000000002
BALL,2021-11-04,3.33
BALL,2022-01-27,3.4899999999999998
BALL,2022-05-05,3.54
BALL,2022-08-04,3.4999999999999996
BALL,2022-11-03,3.3099999999999996
BALL,2023-02-02,2.78
BALL,2023-05-04,2.7
BALL,2023-08-03,2.49
BALL,2023-11-02,2.5700000000000003
BALL,2024-02-01,2.91
BALL,2024-04-26,2.9
BALL,2024-08-01,3.03
BALL,2024-10-31,3.1100000000000003
BALL,2025-02-04,3.17
BALL,2025-05-06,3.25
BALL,2025-08-05,3.41
BALL,2025-11-04,3.52
BALL,2026-02-03,3.5900000000000003
BALL,2026-05-05,3.77
BALL,2026-08-04,3.9
BAX,2021-07-29,3.19
BAX,2021-10-28,3.38
BAX,2022-02-17,3.62
BAX,2022-04-28,3.79
BAX,2022-07-28,3.8600000000000003
BAX,2022-10-27,3.66
BAX,2023-02-09,3.5
BAX,2023-04-27,3.1599999999999997
BAX,2023-07-27,2.8400000000000003
BAX,2023-11-02,2.7
BAX,2024-02-08,2.7
BAX,2024-05-02,2.7600000000000002
BAX,2024-08-06,2.89
BAX,2024-11-08,3.01
BAX,2025-02-20,2.71
BAX,2025-05-01,2.6100000000000003
BAX,2025-07-31,2.52
BAX,2025-10-30,2.41
BAX,2026-02-12,2.27
BAX,2026-04-30,2.08
BAX,2026-07-30,2.05
BBY,2021-05-27,9.48
BBY,2021-08-24,10.75
BBY,2021-11-23,10.77
BBY,2022-03-03,10.02
BBY,2022-05-24,9.36
BBY,2022-08-30,7.92
BBY,2022-11-22,7.22
BBY,2023-03-02,7.1000000000000005
BBY,2023-05-25,6.68
BBY,2023-08-29,6.36
BBY,2023-11-21,6.2700000000000005
BBY,2024-02-29,6.38
BBY,2024-05-30,6.430000000000001
BBY,2024-08-29,6.55
BBY,2024-11-26,6.52
BBY,2025-03-04,6.38
BBY,2025-05-29,6.33
BBY,2025-08-28,6.27
BBY,2025-11-25,6.41
BBY,2026-03-03,6.4399999999999995
BBY,2026-05-28,6.569999999999999
BDX,2021-08-05,13.27
BDX,2021-11-04,13.07
BDX,2022-02-03,12.16
BDX,2022-05-05,12.15
BDX,2022-08-04,12.07
BDX,2022-11-10,12.23
BDX,2023-02-02,11.57
BDX,2023-05-04,11.25
BDX,2023-08-03,11.55
BDX,2023-11-09,12.22
BDX,2024-02-01,11.92
BDX,2024-05-02,12.23
BDX,2024-08-01,12.77
BDX,2024-11-07,13.16
BDX,2025-02-05,13.91
BDX,2025-05-01,14.09
BDX,2025-08-07,14.27
BDX,2025-11-06,14.42
BDX,2026-02-09,13.9
BDX,2026-05-07,13.450000000000001
BDX,2026-08-06,13.0
BEN,2021-08-03,3.04
BEN,2021-11-01,3.74
BEN,2022-02-01,4.09
BEN,2022-05-03,4.26
BEN,2022-07-28,4.12
BEN,2022-11-01,3.64
BEN,2023-01-30,3.07
BEN,2023-05-01,2.72
BEN,2023-07-28,2.53
BEN,2023-10-31,2.59
BEN,2024-01-29,2.73
BEN,2024-04-29,2.68
BEN,2024-07-26,2.6500000000000004
BEN,2024-11-04,2.4
BEN,2025-01-31,2.34
BEN,2025-05-02,2.25
BEN,2025-08-01,2.1399999999999997
BEN,2025-11-07,2.22
BEN,2026-01-30,2.33
BEN,2026-04-28,2.57
BEN,2026-07-31,2.8000000000000003
BF-B,2021-06-09,1.6
BF-B,2021-09-01,1.6
BF-B,2021-12-08,1.59
BF-B,2022-03-03,1.68
BF-B,2022-06-08,1.74
BF-B,2022-08-31,1.86
BF-B,2022-12-07,1.84
BF-B,2023-03-08,1.51
BF-B,2023-06-07,1.63
BF-B,2023-08-30,1.5899999999999999
BF-B,2023-12-06,1.62
BF-B,2024-03-06,2.01
BF-B,2024-06-05,2.1399999999999997
BF-B,2024-08-29,2.07
BF-B,2024-12-05,2.12
BF-B,2025-03-05,2.09
BF-B,2025-06-05,1.8399999999999999
BF-B,2025-08-28,1.79
BF-B,2025-12-04,1.71
BF-B,2026-03-04,1.72
BF-B,2026-06-04,1.5299999999999998
BG,2021-07-28,11.26
BG,2021-10-27,12.51
BG,2022-02-09,12.950000000000001
BG,2022-04-27,14.08
BG,2022-07-27,14.440000000000001
BG,2022-10-26,14.17
BG,2023-02-08,13.92
BG,2023-05-03,12.92
BG,2023-08-02,13.67
BG,2023-10-26,13.21
BG,2024-02-07,13.670000000000002
BG,2024-04-24,13.450000000000001
BG,2024-07-31,11.46
BG,2024-10-30,10.76
BG,2025-02-05,9.19
BG,2025-05-07,7.96
BG,2025-07-30,7.540000000000001
BG,2025-11-05,7.52
BG,2026-02-04,7.380000000000001
BG,2026-04-29,7.4
BG,2026-07-29,8.09
BIIB,2021-07-22,24.439999999999998
BIIB,2021-10-20,20.369999999999997
BIIB,2022-02-03,19.18
BIIB,2022-05-03,17.46
BIIB,2022-07-20,17.03
BIIB,2022-10-25,17.03
BIIB,2023-02-15,17.689999999999998
BIIB,2023-04-25,17.47
BIIB,2023-07-25,16.24
BIIB,2023-11-08,15.829999999999998
BIIB,2024-02-13,14.729999999999999
BIIB,2024-04-24,15.0
BIIB,2024-08-01,16.26
BIIB,2024-10-30,15.98
BIIB,2025-02-12,16.47
BIIB,2025-05-01,15.82
BIIB,2025-07-31,16.009999999999998
BIIB,2025-10-30,16.740000000000002
BIIB,2026-02-06,15.29
BIIB,2026-04-29,15.84
BIIB,2026-07-29,13.97
BKNG,2021-08-04,0.16
BKNG,2021-11-03,1.1800000000000002
BKNG,2022-02-23,1.83
BKNG,2022-05-04,2.1999999999999997
BKNG,2022-08-03,3.06
BKNG,2022-11-02,3.67
BKNG,2023-02-23,4.03
BKNG,2023-05-04,4.33
BKNG,2023-08-03,5.07
BKNG,2023-11-02,5.84
BKNG,2024-02-22,6.13
BKNG,2024-05-02,6.489999999999999
BKNG,2024-08-01,6.67
BKNG,2024-10-30,7.14
BKNG,2025-02-20,7.52
BKNG,2025-04-29,7.6899999999999995
BKNG,2025-07-29,8.23
BKNG,2025-10-28,8.85
BKNG,2026-02-18,9.14
BKNG,2026-04-28,9.29
BKNG,2026-08-04,9.61
BKR,2021-07-21,0.19
BKR,2021-10-20,0.31
BKR,2022-01-20,0.63
BKR,2022-04-20,0.66
BKR,2022-07-20,0.67
BKR,2022-10-19,0.77
BKR,2023-01-23,0.9
BKR,2023-04-19,1.03
BKR,2023-07-19,1.31
BKR,2023-10-25,1.47
BKR,2024-01-23,1.5999999999999999
BKR,2024-04-23,1.7499999999999998
BKR,2024-07-25,1.93
BKR,2024-10-22,2.18
BKR,2025-01-30,2.37
BKR,2025-04-22,2.45
BKR,2025-07-22,2.51
BKR,2025-10-23,2.52
BKR,2026-01-25,2.6
BKR,2026-04-23,2.67
BKR,2026-07-26,2.68
BLDR,2021-08-05,5.9399999999999995
BLDR,2021-11-04,8.51
BLDR,2022-03-01,10.03
BLDR,2022-05-10,12.83
BLDR,2022-08-01,16.33
BLDR,2022-11-08,18.14
BLDR,2023-02-28,18.57
BLDR,2023-05-03,17.63
BLDR,2023-08-02,15.26
BLDR,2023-11-01,14.299999999999999
BLDR,2024-02-22,14.64
BLDR,2024-05-07,14.329999999999998
BLDR,2024-08-06,13.94
BLDR,2024-11-05,12.77
BLDR,2025-02-20,11.53
BLDR,2025-05-01,10.39
BLDR,2025-07-31,9.27
BLDR,2025-10-30,8.08
BLDR,2026-02-17,6.89
BLDR,2026-04-30,5.65
BLDR,2026-07-30,4.4399999999999995
BLK,2009-01-21,6.43
BLK,2009-04-21,5.34
BLK,2009-07-21,4.95
BLK,2009-10-20,5.34
BLK,2022-07-15,12.020000000000001
BLK,2022-10-13,20.76
BLK,2023-01-13,27.94
BLK,2023-04-14,33.769999999999996
BLK,2023-07-14,35.69
BLK,2023-10-13,37.05
BLK,2024-01-12,37.78
BLK,2024-04-12,39.66
BLK,2024-07-15,40.739999999999995
BLK,2024-10-11,41.290000000000006
BLK,2025-01-15,43.56
BLK,2025-04-11,45.05
BLK,2025-07-15,46.739999999999995
BLK,2025-10-14,46.830000000000005
BLK,2026-01-15,48.06
BLK,2026-04-14,49.29
BLK,2026-07-15,51.15
BMY,2021-07-28,6.76
BMY,2021-10-27,7.13
BMY,2022-02-04,7.5
BMY,2022-04-29,7.72
BMY,2022-07-27,7.72
BMY,2022-10-25,7.71
BMY,2023-02-02,7.7
BMY,2023-04-27,7.79
BMY,2023-07-27,7.61
BMY,2023-10-26,7.62
BMY,2024-02-02,7.5
BMY,2024-04-25,1.0499999999999998
BMY,2024-07-26,1.3699999999999997
BMY,2024-10-31,1.1699999999999997
BMY,2025-02-06,1.1399999999999997
BMY,2025-04-24,7.34
BMY,2025-07-31,6.7299999999999995
BMY,2025-10-30,6.56
BMY,2026-02-05,6.15
BMY,2026-04-30,5.93
BMY,2026-07-30,6.51
BNY,2021-07-15,4.04
BNY,2021-10-19,4.1
BNY,2022-01-18,4.18
BNY,2022-04-18,4.15
BNY,2022-07-15,4.17
BNY,2022-10-17,4.34
BNY,2023-01-13,4.6
BNY,2023-04-18,4.789999999999999
BNY,2023-07-18,5.02
BNY,2023-10-17,5.08
BNY,2024-01-12,5.06
BNY,2024-04-16,5.22
BNY,2024-07-12,5.35
BNY,2024-10-11,5.6000000000000005
BNY,2025-01-15,6.04
BNY,2025-04-11,6.33
BNY,2025-07-15,6.760000000000001
BNY,2025-10-16,7.12
BNY,2026-01-13,7.42
BNY,2026-04-16,8.09
BNY,2026-07-15,8.61
BR,2021-08-12,5.66
BR,2021-11-03,5.75
BR,2022-02-01,5.84
BR,2022-05-03,6.01
BR,2022-08-12,6.47
BR,2022-11-02,6.239999999999999
BR,2023-02-02,6.33
BR,2023-05-02,6.45
BR,2023-08-08,7.01
BR,2023-11-02,7.26
BR,2024-02-01,7.27
BR,2024-05-08,7.45
BR,2024-08-06,7.74
BR,2024-11-05,7.65
BR,2025-01-31,8.290000000000001
BR,2025-05-01,8.5
BR,2025-08-05,8.55
BR,2025-11-04,9.06
BR,2026-02-03,9.09
BR,2026-04-30,9.370000000000001
BR,2026-08-04,9.64
BRK-B,2021-11-06,11.0
BRK-B,2022-02-26,12.12
BRK-B,2022-04-30,12.25
BRK-B,2022-08-06,13.530000000000001
BRK-B,2022-11-05,14.19
BRK-B,2023-02-25,13.98
BRK-B,2023-05-06,14.49
BRK-B,2023-08-05,14.9
BRK-B,2023-11-04,16.330000000000002
BRK-B,2024-02-24,17.19
BRK-B,2024-05-04,18.700000000000003
BRK-B,2024-08-03,19.46
BRK-B,2024-11-02,19.18
BRK-B,2025-02-22,21.990000000000002
BRK-B,2025-05-03,21.259999999999998
BRK-B,2025-08-02,21.049999999999997
BRK-B,2025-11-01,22.619999999999997
BRK-B,2026-02-28,20.619999999999997
BRK-B,2026-05-02,21.41
BRK-B,2026-08-08,22.270000000000003
BRO,2021-07-26,2.0300000000000002
BRO,2021-10-25,2.09
BRO,2022-01-24,2.19
BRO,2022-04-25,2.27
BRO,2022-07-25,2.29
BRO,2022-10-24,2.21
BRO,2023-01-23,2.29
BRO,2023-04-24,2.35
BRO,2023-07-24,2.52
BRO,2023-10-23,2.73
BRO,2024-01-22,2.81
BRO,2024-04-22,3.11
BRO,2024-07-22,3.36
BRO,2024-10-28,3.5599999999999996
BRO,2025-01-27,3.84
BRO,2025-04-28,3.99
BRO,2025-07-28,4.09
BRO,2025-10-27,4.23
BRO,2026-01-26,4.3
BRO,2026-04-27,4.4
BRO,2026-07-27,4.4399999999999995
BSX,2021-07-27,1.37
BSX,2021-10-27,1.41
BSX,2022-02-02,1.63
BSX,2022-04-27,1.65
BSX,2022-07-27,1.6900000000000002
BSX,2022-10-26,1.71
BSX,2023-02-01,1.71
BSX,2023-04-26,1.7899999999999998
BSX,2023-07-27,1.88
BSX,2023-10-26,1.95
BSX,2024-01-31,2.05
BSX,2024-04-24,2.14
BSX,2024-07-24,2.23
BSX,2024-10-23,2.3600000000000003
BSX,2025-02-05,2.51
BSX,2025-04-23,2.7
BSX,2025-07-23,2.83
BSX,2025-10-22,2.95
BSX,2026-02-04,3.05
BSX,2026-04-22,3.0999999999999996
BSX,2026-07-29,3.21
BX,2021-07-22,3.5399999999999996
BX,2021-10-21,4.1899999999999995
BX,2022-01-27,4.77
BX,2022-04-21,5.36
BX,2022-07-21,6.029999999999999
BX,2022-10-20,5.8100000000000005
BX,2023-01-26,5.17
BX,2023-04-19,4.59
BX,2023-07-20,4.03
BX,2023-10-19,3.91
BX,2024-01-25,3.9499999999999997
BX,2024-04-17,3.96
BX,2024-07-18,3.9899999999999998
BX,2024-10-17,4.06
BX,2025-01-30,4.64
BX,2025-04-17,4.75
BX,2025-07-24,5.0
BX,2025-10-23,5.51
BX,2026-01-29,5.57
BX,2026-04-23,5.84
BX,2026-07-23,6.15
BXP,2021-07-27,2.5
BXP,2021-10-26,2.61
BXP,2022-01-25,2.71
BXP,2022-05-02,2.9
BXP,2022-07-26,3.0300000000000002
BXP,2022-10-25,2.98
BXP,2023-01-31,2.6
BXP,2023-04-25,2.3000000000000003
BXP,2023-08-01,2.1100000000000003
BXP,2023-11-01,0.76
BXP,2024-01-30,0.99
BXP,2024-04-30,0.9500000000000002
BXP,2024-07-30,0.8
BXP,2024-10-29,2.02
BXP,2025-01-28,2.16
BXP,2025-04-29,2.12
BXP,2025-07-29,2.18
BXP,2025-10-28,1.31
BXP,2026-01-27,1.2800000000000002
BXP,2026-04-28,1.4300000000000002
BXP,2026-07-28,1.37
C,2021-07-14,9.93
C,2021-10-14,10.68
C,2022-01-14,10.069999999999999
C,2022-04-14,8.469999999999999
C,2022-07-15,7.93
C,2022-10-14,7.409999999999999
C,2023-01-13,7.109999999999999
C,2023-04-14,6.949999999999999
C,2023-07-14,6.02
C,2023-10-12,5.91
C,2024-01-12,5.59
C,2024-04-12,5.52
C,2024-07-12,5.71
C,2024-10-15,5.709999999999999
C,2025-01-15,6.22
C,2025-04-15,6.39
C,2025-07-15,6.87
C,2025-10-14,7.609999999999999
C,2026-01-14,7.5
C,2026-04-14,8.6
C,2026-07-14,9.7
CAH,2021-08-05,5.55
CAH,2021-11-09,5.33
CAH,2022-02-03,4.86
CAH,2022-05-05,4.779999999999999
CAH,2022-08-11,5.0600000000000005
CAH,2022-11-04,4.970000000000001
CAH,2023-02-02,5.02
CAH,2023-05-04,5.3100000000000005
CAH,2023-08-15,5.8100000000000005
CAH,2023-11-03,6.34
CAH,2024-02-01,6.84
CAH,2024-05-02,7.18
CAH,2024-08-14,7.47
CAH,2024-11-01,7.62
CAH,2025-01-30,7.73
CAH,2025-05-01,8.0
CAH,2025-08-12,8.24
CAH,2025-10-30,8.91
CAH,2026-02-05,9.61
CAH,2026-04-30,10.43
CAH,2026-08-11,10.95
CARR,2021-07-29,2.1
CARR,2021-10-28,2.14
CARR,2022-02-08,2.27
CARR,2022-04-28,2.33
CARR,2022-07-28,2.38
CARR,2022-10-27,2.37
CARR,2023-02-07,2.33
CARR,2023-04-25,2.31
CARR,2023-07-27,2.41
CARR,2023-10-26,2.6
CARR,2024-02-06,2.7300000000000004
CARR,2024-04-25,2.83
CARR,2024-07-25,2.91
CARR,2024-10-24,2.79
CARR,2025-02-11,2.8
CARR,2025-05-01,2.83
CARR,2025-07-29,2.88
CARR,2025-10-28,2.7800000000000002
CARR,2026-02-05,2.58
CARR,2026-04-30,2.5
CARR,2026-07-28,2.44
CASY,2021-06-08,8.4
CASY,2021-09-07,8.35
CASY,2021-12-07,7.9399999999999995
CASY,2022-03-08,8.61
CASY,2022-06-07,9.09
CASY,2022-09-07,9.99
CASY,2022-12-06,11.07
CASY,2023-03-07,12.03
CASY,2023-06-06,11.92
CASY,2023-09-11,12.35
CASY,2023-12-11,12.92
CASY,2024-03-11,12.58
CASY,2024-06-11,13.43
CASY,2024-09-04,13.74
CASY,2024-12-09,14.35
CASY,2025-03-11,14.35
CASY,2025-06-09,14.64
CASY,2025-09-08,15.579999999999998
CASY,2025-12-09,16.259999999999998
CASY,2026-03-09,17.42
CASY,2026-06-09,19.16
CAT,2021-07-30,8.93
CAT,2021-10-28,10.25
CAT,2022-01-28,10.82
CAT,2022-04-28,10.83
CAT,2022-08-02,11.41
CAT,2022-10-27,12.700000000000001
CAT,2023-01-31,13.870000000000001
CAT,2023-04-27,15.9
CAT,2023-08-01,18.27
CAT,2023-10-31,19.84
CAT,2024-02-05,21.21
CAT,2024-04-25,21.9
CAT,2024-08-06,22.34
CAT,2024-10-30,21.99
CAT,2025-01-30,21.9
CAT,2025-04-30,20.55
CAT,2025-08-05,19.279999999999998
CAT,2025-10-29,19.060000000000002
CAT,2026-01-29,19.08
CAT,2026-04-30,20.37
CAT,2026-08-04,23.82
CB,2021-07-27,11.32
CB,2021-10-26,11.96
CB,2022-02-01,12.59
CB,2022-04-26,13.89
CB,2022-07-26,14.47
CB,2022-10-25,15.0
CB,2023-01-31,15.240000000000002
CB,2023-04-25,15.830000000000002
CB,2023-07-25,16.55
CB,2023-10-24,18.33
CB,2024-01-30,19.82
CB,2024-04-23,20.82
CB,2024-07-23,21.28
CB,2024-10-29,22.049999999999997
CB,2025-01-28,22.529999999999998
CB,2025-04-22,20.799999999999997
CB,2025-07-22,21.56
CB,2025-10-21,23.33
CB,2026-02-03,24.83
CB,2026-04-21,27.97
CB,2026-07-21,29.09
CBOE,2021-07-30,5.23
CBOE,2021-10-29,5.569999999999999
CBOE,2022-02-04,6.06
CBOE,2022-04-29,6.26
CBOE,2022-07-29,6.550000000000001
CBOE,2022-11-04,6.84
CBOE,2023-02-03,6.9399999999999995
CBOE,2023-05-05,7.109999999999999
CBOE,2023-08-04,7.22
CBOE,2023-11-03,7.54
CBOE,2024-02-02,7.800000000000001
CBOE,2024-05-03,8.05
CBOE,2024-08-02,8.42
CBOE,2024-11-01,8.58
CBOE,2025-02-07,8.62
CBOE,2025-05-02,8.97
CBOE,2025-08-01,9.28
CBOE,2025-10-31,9.73
CBOE,2026-02-06,10.690000000000001
CBOE,2026-05-01,11.89
CBOE,2026-07-31,12.99
CBRE,2021-07-29,4.4
CBRE,2021-10-28,5.06
CBRE,2022-02-24,5.8
CBRE,2022-05-05,6.33
CBRE,2022-08-04,6.8
CBRE,2022-10-27,6.54
CBRE,2023-02-23,5.68
CBRE,2023-04-27,5.21
CBRE,2023-07-27,4.2
CBRE,2023-10-27,3.79
CBRE,2024-02-15,3.84
CBRE,2024-05-03,3.6999999999999997
CBRE,2024-07-25,3.69
CBRE,2024-10-24,4.17
CBRE,2025-02-13,5.109999999999999
CBRE,2025-04-24,5.19
CBRE,2025-07-29,5.569999999999999
CBRE,2025-10-23,5.9799999999999995
CBRE,2026-02-12,6.39
CBRE,2026-04-23,7.14
CBRE,2026-07-29,7.51
CCI,2021-07-21,2.5999999999999996
CCI,2021-10-20,3.0300000000000002
CCI,2022-01-26,2.67
CCI,2022-04-20,3.36
CCI,2022-07-20,3.5599999999999996
CCI,2022-10-19,3.72
CCI,2023-01-25,3.8600000000000003
CCI,2023-04-19,3.86
CCI,2023-07-19,3.9399999999999995
CCI,2023-10-18,3.74
CCI,2024-01-24,3.65
CCI,2024-04-17,3.43
CCI,2024-07-17,3.0599999999999996
CCI,2024-10-16,3.1300000000000003
CCI,2025-03-13,3.0
CCI,2025-04-30,2.9
CCI,2025-07-23,2.8299999999999996
CCI,2025-10-22,2.63
CCI,2026-02-04,2.53
CCI,2026-04-22,2.38
CCI,2026-07-22,2.46
CCL,2021-06-28,-7.84
CCL,2021-09-30,-7.4
CCL,2021-12-20,-7.0600000000000005
CCL,2022-03-22,-6.93
CCL,2022-06-24,-6.77
CCL,2022-09-30,-5.6
CCL,2022-12-21,-4.7299999999999995
CCL,2023-03-27,-3.6199999999999997
CCL,2023-06-26,-2.29
CCL,2023-09-29,-0.8499999999999999
CCL,2023-12-21,-0.07
CCL,2024-03-27,0.34
CCL,2024-06-25,0.76
CCL,2024-09-30,1.17
CCL,2024-12-20,1.38
CCL,2025-03-21,1.65
CCL,2025-06-24,1.8900000000000001
CCL,2025-09-29,2.05
CCL,2025-12-19,2.2499999999999996
CCL,2026-03-27,2.32
CCL,2026-06-23,2.38
CDNS,2021-07-26,3.2199999999999998
CDNS,2021-10-25,3.32
CDNS,2022-02-22,3.31
CDNS,2022-04-25,3.65
CDNS,2022-07-25,3.87
CDNS,2022-10-24,4.13
CDNS,2023-02-13,4.27
CDNS,2023-04-24,4.390000000000001
CDNS,2023-07-24,4.53
CDNS,2023-10-23,4.73
CDNS,2024-02-12,5.15
CDNS,2024-04-22,5.029999999999999
CDNS,2024-07-22,5.09
CDNS,2024-10-28,5.47
CDNS,2025-02-18,5.97
CDNS,2025-04-28,6.37
CDNS,2025-07-28,6.739999999999999
CDNS,2025-10-27,7.029999999999999
CDNS,2026-02-17,7.14
CDNS,2026-04-27,7.529999999999999
CDNS,2026-07-27,7.99
CDW,2021-08-04,7.41
CDW,2021-11-03,7.71
CDW,2022-02-09,7.97
CDW,2022-05-04,8.43
CDW,2022-08-03,8.9
CDW,2022-11-02,9.370000000000001
CDW,2023-02-08,9.790000000000001
CDW,2023-05-03,9.620000000000001
CDW,2023-08-02,9.69
CDW,2023-11-01,9.81
CDW,2024-02-07,9.88
CDW,2024-05-01,9.77
CDW,2024-07-31,9.709999999999999
CDW,2024-10-30,9.62
CDW,2025-02-05,9.53
CDW,2025-05-07,9.76
CDW,2025-08-06,9.86
CDW,2025-11-04,9.940000000000001
CDW,2026-02-04,10.03
CDW,2026-05-06,10.16
CDW,2026-08-05,10.469999999999999
CEG,2022-11-08,5.2
CEG,2023-02-16,4.18
CEG,2023-05-04,2.76
CEG,2023-08-03,2.55
CEG,2023-11-06,4.0
CEG,2024-02-27,5.34
CEG,2024-05-09,6.77
CEG,2024-08-06,7.0
CEG,2024-11-04,7.75
CEG,2025-02-18,8.68
CEG,2025-05-06,9.0
CEG,2025-08-07,9.23
CEG,2025-11-07,9.530000000000001
CEG,2026-02-24,9.39
CEG,2026-05-11,9.99
CEG,2026-08-06,10.629999999999999
CF,2021-08-09,2.17
CF,2021-11-03,2.95
CF,2022-02-15,5.800000000000001
CF,2022-05-04,9.21
CF,2022-08-01,14.21
CF,2022-11-02,15.71
CF,2023-02-15,16.990000000000002
CF,2023-05-01,15.43
CF,2023-08-02,11.989999999999998
CF,2023-11-01,10.95
CF,2024-02-14,7.979999999999998
CF,2024-05-01,6.459999999999998
CF,2024-08-07,6.049999999999998
CF,2024-10-30,6.459999999999998
CF,2025-02-19,6.669999999999998
CF,2025-05-07,7.619999999999998
CF,2025-08-06,7.709999999999998
CF,2025-11-05,8.349999999999998
CF,2026-02-18,9.619999999999997
CF,2026-05-06,10.529999999999998
CF,2026-08-05,12.869999999999997
CFG,2021-07-20,4.64
CFG,2021-10-20,5.13
CFG,2022-01-19,5.35
CFG,2022-04-19,5.01
CFG,2022-07-19,4.6899999999999995
CFG,2022-10-19,4.77
CFG,2023-01-17,4.83
CFG,2023-04-19,4.86
CFG,2023-07-19,4.760000000000001
CFG,2023-10-18,4.3500000000000005
CFG,2024-01-17,3.88
CFG,2024-04-17,3.5700000000000003
CFG,2024-07-17,3.35
CFG,2024-10-16,3.25
CFG,2025-01-17,3.25
CFG,2025-04-16,3.23
CFG,2025-07-17,3.33
CFG,2025-10-15,3.5900000000000003
CFG,2026-01-21,3.87
CFG,2026-04-16,4.23
CFG,2026-07-16,4.61
CHD,2021-07-30,2.82
CHD,2021-10-29,2.9200000000000004
CHD,2022-01-28,3.0300000000000002
CHD,2022-04-28,3.03
CHD,2022-07-29,3.0300000000000002
CHD,2022-10-28,2.9899999999999998
CHD,2023-02-03,2.9699999999999998
CHD,2023-04-27,2.99
CHD,2023-07-28,3.15
CHD,2023-11-03,3.13
CHD,2024-02-02,3.16
CHD,2024-05-02,3.27
CHD,2024-08-02,3.2800000000000002
CHD,2024-11-01,3.33
CHD,2025-01-31,3.45
CHD,2025-05-01,3.4
CHD,2025-08-01,3.4099999999999997
CHD,2025-10-31,3.43
CHD,2026-01-30,3.5200000000000005
CHD,2026-05-01,3.56
CHD,2026-07-31,3.5100000000000002
CHRW,2021-07-27,4.8
CHRW,2021-10-26,5.65
CHRW,2022-02-02,6.3100000000000005
CHRW,2022-04-27,7.08
CHRW,2022-07-27,8.31
CHRW,2022-11-02,8.24
CHRW,2023-02-01,7.529999999999999
CHRW,2023-04-26,6.460000000000001
CHRW,2023-08-02,4.69
CHRW,2023-11-01,3.75
CHRW,2024-01-31,3.2199999999999998
CHRW,2024-05-01,3.1
CHRW,2024-07-31,3.35
CHRW,2024-10-30,3.79
CHRW,2025-01-29,4.5
CHRW,2025-04-30,4.81
CHRW,2025-07-30,4.95
CHRW,2025-10-29,5.069999999999999
CHRW,2026-01-28,5.09
CHRW,2026-04-29,5.27
CHRW,2026-07-29,5.59
CHTR,2021-07-30,19.490000000000002
CHTR,2021-10-29,21.86
CHTR,2022-01-28,24.83
CHTR,2022-04-29,27.62
CHTR,2022-07-29,31.13
CHTR,2022-10-28,32.010000000000005
CHTR,2023-01-27,30.770000000000003
CHTR,2023-04-28,30.520000000000003
CHTR,2023-07-28,29.770000000000003
CHTR,2023-10-27,30.64
CHTR,2024-02-02,30.020000000000003
CHTR,2024-04-26,30.92
CHTR,2024-07-26,31.36
CHTR,2024-11-01,31.93
CHTR,2025-01-31,34.96
CHTR,2025-04-25,35.83
CHTR,2025-07-25,36.519999999999996
CHTR,2025-10-31,36.04
CHTR,2026-01-30,36.28
CHTR,2026-04-24,37.03
CHTR,2026-07-24,38.51
CI,2021-08-05,17.89
CI,2021-11-04,19.21
CI,2022-02-03,20.47
CI,2022-05-06,21.75
CI,2022-08-04,22.729999999999997
CI,2022-11-03,23.04
CI,2023-02-03,23.229999999999997
CI,2023-05-05,22.63
CI,2023-08-03,22.54
CI,2023-11-02,23.270000000000003
CI,2024-02-02,25.1
CI,2024-05-02,26.16
CI,2024-08-01,26.75
CI,2024-10-31,27.49
CI,2025-01-30,27.339999999999996
CI,2025-05-02,27.61
CI,2025-07-31,28.09
CI,2025-10-30,28.41
CI,2026-02-05,29.85
CI,2026-04-30,30.9
CI,2026-07-30,31.48
CIEN,2021-06-03,2.8
CIEN,2021-09-02,2.66
CIEN,2021-12-09,2.91
CIEN,2022-03-07,2.86
CIEN,2022-06-02,2.74
CIEN,2022-09-01,2.15
CIEN,2022-12-08,1.91
CIEN,2023-03-06,2.08
CIEN,2023-06-06,2.32
CIEN,2023-08-31,2.58
CIEN,2023-12-07,2.7199999999999998
CIEN,2024-03-07,2.7399999999999998
CIEN,2024-06-06,2.27
CIEN,2024-09-04,2.0300000000000002
CIEN,2024-12-12,1.82
CIEN,2025-03-11,1.8000000000000003
CIEN,2025-06-05,1.9500000000000002
CIEN,2025-09-04,2.27
CIEN,2025-12-11,2.64
CIEN,2026-03-05,3.35
CIEN,2026-06-04,4.57
CINF,2021-07-28,5.16
CINF,2021-10-27,6.050000000000001
CINF,2022-02-15,6.41
CINF,2022-04-28,6.62
CINF,2022-07-27,5.48
CINF,2022-10-31,4.93
CINF,2023-02-06,4.23
CINF,2023-04-27,3.5400000000000005
CINF,2023-07-27,4.1000000000000005
CINF,2023-10-26,5.03
CINF,2024-02-06,6.040000000000001
CINF,2024-04-25,6.870000000000001
CINF,2024-07-25,6.95
CINF,2024-10-24,10.490000000000002
CINF,2025-02-10,11.35
CINF,2025-04-28,9.39
CINF,2025-07-28,10.07
CINF,2025-10-27,7.720000000000001
CINF,2026-02-09,7.950000000000001
CINF,2026-04-27,10.290000000000001
CINF,2026-07-27,9.75
CL,2021-07-30,3.16
CL,2021-10-29,3.18
CL,2022-01-28,3.2
CL,2022-04-29,3.1400000000000006
CL,2022-07-29,3.06
CL,2022-10-28,2.99
CL,2023-01-27,2.9699999999999998
CL,2023-04-28,2.96
CL,2023-07-28,3.01
CL,2023-10-27,3.13
CL,2024-01-26,3.2300000000000004
CL,2024-04-26,3.36
CL,2024-07-26,3.5
CL,2024-10-25,3.55
CL,2025-01-31,3.59
CL,2025-04-25,3.64
CL,2025-08-01,3.6500000000000004
CL,2025-10-31,3.6500000000000004
CL,2026-01-30,3.69
CL,2026-05-01,3.75
CL,2026-07-31,3.82
CLX,2021-08-03,7.82
CLX,2021-11-01,5.81
CLX,2022-02-03,4.44
CLX,2022-05-02,4.13
CLX,2022-08-03,4.109999999999999
CLX,2022-11-01,3.83
CLX,2023-02-02,4.15
CLX,2023-05-02,4.35
CLX,2023-08-02,5.09
CLX,2023-11-01,4.65
CLX,2024-02-01,5.83
CLX,2024-04-30,6.03
CLX,2024-08-01,6.180000000000001
CLX,2024-10-30,7.550000000000001
CLX,2025-02-03,6.94
CLX,2025-05-05,6.68
CLX,2025-07-31,7.73
CLX,2025-11-03,6.720000000000001
CLX,2026-02-03,6.56
CLX,2026-04-30,6.749999999999999
CLX,2026-08-03,5.539999999999999
CMCSA,2021-07-29,2.81
CMCSA,2021-10-28,3.0300000000000002
CMCSA,2022-01-27,3.24
CMCSA,2022-04-28,3.34
CMCSA,2022-07-28,3.51
CMCSA,2022-10-27,3.5999999999999996
CMCSA,2023-01-26,3.65
CMCSA,2023-04-27,3.71
CMCSA,2023-07-27,3.83
CMCSA,2023-10-26,3.95
CMCSA,2024-01-25,3.9699999999999998
CMCSA,2024-04-25,4.09
CMCSA,2024-07-23,4.17
CMCSA,2024-10-31,4.21
CMCSA,2025-01-30,4.33
CMCSA,2025-04-24,4.38
CMCSA,2025-07-31,4.42
CMCSA,2025-10-30,4.42
CMCSA,2026-01-29,4.3
CMCSA,2026-04-23,4.0
CMCSA,2026-07-23,3.7900000000000005
CME,2021-07-28,6.199999999999999
CME,2021-10-27,6.42
CME,2022-02-09,6.69
CME,2022-04-27,7.01
CME,2022-07-27,7.339999999999999
CME,2022-10-26,7.72
CME,2023-02-08,7.9799999999999995
CME,2023-04-26,8.29
CME,2023-07-26,8.620000000000001
CME,2023-10-25,8.89
CME,2024-02-14,9.34
CME,2024-04-24,9.42
CME,2024-07-24,9.68
CME,2024-10-23,10.11
CME,2025-02-12,10.26
CME,2025-04-23,10.56
CME,2025-07-23,10.959999999999999
CME,2025-10-22,10.96
CME,2026-02-04,11.21
CME,2026-04-22,11.77
CME,2026-07-22,11.8
CMG,2021-07-20,0.41000000000000003
CMG,2021-10-21,0.47
CMG,2022-02-08,0.51
CMG,2022-04-26,0.51
CMG,2022-07-26,0.55
CMG,2022-10-25,0.6
CMG,2023-02-07,0.66
CMG,2023-04-25,0.76
CMG,2023-07-26,0.8200000000000001
CMG,2023-10-26,0.86
CMG,2024-02-06,0.8999999999999999
CMG,2024-04-24,0.96
CMG,2024-07-24,1.05
CMG,2024-10-29,1.09
CMG,2025-02-04,1.1300000000000001
CMG,2025-04-23,1.1500000000000001
CMG,2025-07-23,1.1400000000000001
CMG,2025-10-29,1.16
CMG,2026-02-03,1.16
CMG,2026-04-29,1.1099999999999999
CMG,2026-07-29,1.1099999999999999
CMI,2021-08-03,14.89
CMI,2021-11-02,15.22
CMI,2022-02-03,14.59
CMI,2022-05-03,14.559999999999999
CMI,2022-08-02,15.23
CMI,2022-11-03,14.979999999999999
CMI,2023-02-06,16.759999999999998
CMI,2023-05-02,18.369999999999997
CMI,2023-08-03,18.78
CMI,2023-11-02,20.08
CMI,2024-02-06,19.71
CMI,2024-05-02,19.16
CMI,2024-08-01,19.24
CMI,2024-11-05,20.36
CMI,2025-02-04,20.759999999999998
CMI,2025-05-05,21.62
CMI,2025-08-05,22.79
CMI,2025-11-06,20.79
CMI,2026-02-05,22.060000000000002
CMI,2026-05-05,22.25
CMI,2026-08-04,22.55
CMS,2021-07-29,3.09
CMS,2021-10-28,2.8600000000000003
CMS,2022-02-03,2.77
CMS,2022-05-03,2.76
CMS,2022-07-28,2.74
CMS,2022-10-27,2.7600000000000002
CMS,2023-02-02,2.89
CMS,2023-04-27,2.39
CMS,2023-07-27,2.61
CMS,2023-10-26,2.66
CMS,2024-02-01,3.11
CMS,2024-04-25,3.38
CMS,2024-07-25,3.29
CMS,2024-10-31,3.5199999999999996
CMS,2025-02-06,3.34
CMS,2025-04-24,3.39
CMS,2025-07-31,3.44
CMS,2025-10-30,3.53
CMS,2026-02-05,3.61
CMS,2026-04-28,3.7199999999999998
CMS,2026-07-28,3.38
CNC,2021-07-27,4.6
CNC,2021-10-26,4.6
CNC,2022-02-08,5.15
CNC,2022-04-26,5.3500000000000005
CNC,2022-07-26,5.87
CNC,2022-10-25,5.91
CNC,2023-02-07,5.76
CNC,2023-04-25,6.039999999999999
CNC,2023-07-28,6.37
CNC,2023-10-24,7.07
CNC,2024-02-06,6.66
CNC,2024-04-26,6.8100000000000005
CNC,2024-07-26,7.13
CNC,2024-10-25,6.75
CNC,2025-02-04,7.1
CNC,2025-04-25,7.74
CNC,2025-07-25,5.16
CNC,2025-10-29,4.04
CNC,2026-02-06,2.0500000000000003
CNC,2026-04-28,2.52
CNC,2026-07-28,5.1899999999999995
CNP,2021-08-05,1.58
CNP,2021-11-04,1.5699999999999998
CNP,2022-02-22,1.64
CNP,2022-05-03,1.52
CNP,2022-08-02,1.4700000000000002
CNP,2022-11-01,1.46
CNP,2023-02-17,1.38
CNP,2023-04-27,1.41
CNP,2023-07-27,1.3800000000000001
CNP,2023-10-26,1.46
CNP,2024-02-20,1.5
CNP,2024-04-30,1.55
CNP,2024-07-30,1.63
CNP,2024-10-28,1.54
CNP,2025-02-20,1.62
CNP,2025-04-24,1.6
CNP,2025-07-24,1.5300000000000002
CNP,2025-10-23,1.7200000000000002
CNP,2026-02-19,1.77
CNP,2026-04-23,1.8
CNP,2026-07-28,1.9100000000000001
COF,2021-07-22,25.08
COF,2021-10-26,26.89
COF,2022-01-25,27.01
COF,2022-04-26,25.6
COF,2022-07-21,22.849999999999998
COF,2022-10-27,20.189999999999998
COF,2023-01-24,17.599999999999998
COF,2023-04-27,14.29
COF,2023-07-20,12.85
COF,2023-10-26,13.1
COF,2024-01-25,12.52
COF,2024-04-25,13.420000000000002
COF,2024-07-23,13.04
COF,2024-10-24,13.1
COF,2025-01-21,13.95
COF,2025-04-22,14.799999999999997
COF,2025-07-22,17.14
COF,2025-10-21,18.58
COF,2026-01-22,19.35
COF,2026-04-21,19.71
COF,2026-07-21,20.04
COHR,2021-08-10,3.71
COHR,2021-11-09,3.74
COHR,2022-02-09,3.58
COHR,2022-05-10,3.62
COHR,2022-08-24,3.7199999999999998
COHR,2022-11-09,3.8899999999999997
COHR,2023-02-08,3.92
COHR,2023-05-10,3.55
COHR,2023-08-16,2.98
COHR,2023-11-07,2.1
COHR,2024-02-05,1.5099999999999998
COHR,2024-05-07,1.46
COHR,2024-08-15,1.6600000000000001
COHR,2024-11-06,2.2399999999999998
COHR,2025-02-05,2.83
COHR,2025-05-07,3.21
COHR,2025-08-13,3.5999999999999996
COHR,2025-11-05,4.02
COHR,2026-02-04,4.359999999999999
COHR,2026-05-06,4.859999999999999
COHR,2026-08-12,5.6
COIN,2022-02-24,15.030000000000001
COIN,2022-05-10,10.73
COIN,2022-08-09,1.52
COIN,2022-11-03,-2.48
COIN,2023-02-21,-8.48
COIN,2023-05-04,-7.57
COIN,2023-08-03,-5.5600000000000005
COIN,2023-11-02,-3.42
COIN,2024-02-15,0.27
COIN,2024-05-02,5.010000000000001
COIN,2024-08-01,5.57
COIN,2024-10-30,5.86
COIN,2025-02-13,9.5
COIN,2025-05-08,5.34
COIN,2025-07-31,10.34
COIN,2025-10-30,11.559999999999999
COIN,2026-02-12,4.39
COIN,2026-05-07,2.6599999999999993
COIN,2026-07-30,-3.8400000000000003
COO,2021-06-03,3.0
COO,2021-09-02,3.2800000000000002
COO,2021-12-02,3.31
COO,2022-03-03,3.33
COO,2022-06-02,3.29
COO,2022-08-31,3.24
COO,2022-12-08,3.1100000000000003
COO,2023-03-02,3.0300000000000002
COO,2023-06-01,2.99
COO,2023-08-30,3.0300000000000002
COO,2023-12-07,3.21
COO,2024-02-29,3.33
COO,2024-05-30,3.4099999999999997
COO,2024-08-28,3.53
COO,2024-12-05,3.7
COO,2025-03-06,3.77
COO,2025-05-29,3.88
COO,2025-08-27,4.02
COO,2025-12-04,4.13
COO,2026-03-05,4.3100000000000005
COO,2026-06-04,4.5600000000000005
COP,2021-08-03,1.46
COP,2021-11-02,3.54
COP,2022-02-03,6.0
COP,2022-05-05,8.58
COP,2022-08-04,11.22
COP,2022-11-03,13.05
COP,2023-02-02,13.490000000000002
COP,2023-05-04,12.6
COP,2023-08-03,10.53
COP,2023-11-02,9.09
COP,2024-02-08,8.78
COP,2024-05-02,8.43
COP,2024-08-01,8.57
COP,2024-10-31,8.19
COP,2025-02-06,7.77
COP,2025-05-08,7.83
COP,2025-08-07,7.27
COP,2025-11-06,7.1000000000000005
COP,2026-02-05,6.14
COP,2026-04-30,5.9399999999999995
COP,2026-08-06,7.76
COR,2021-08-04,8.76
COR,2021-11-04,9.26
COR,2022-02-02,9.66
COR,2022-05-04,10.350000000000001
COR,2022-08-03,10.81
COR,2022-11-03,11.02
COR,2023-02-01,11.15
COR,2023-05-02,11.43
COR,2023-08-02,11.73
COR,2023-11-02,11.989999999999998
COR,2024-01-31,12.559999999999999
COR,2024-05-01,12.86
COR,2024-07-31,13.28
COR,2024-11-06,13.76
COR,2025-02-05,14.21
COR,2025-05-07,14.829999999999998
COR,2025-08-06,15.489999999999998
COR,2025-11-05,15.989999999999998
COR,2026-02-04,16.34
COR,2026-05-06,16.669999999999998
COR,2026-08-05,17.15
COST,2021-05-27,10.31
COST,2021-09-23,10.94
COST,2021-12-09,11.629999999999999
COST,2022-03-03,12.41
COST,2022-05-26,12.83
COST,2022-09-22,13.27
COST,2022-12-08,13.39
COST,2023-03-02,13.77
COST,2023-06-01,13.530000000000001
COST,2023-09-26,14.190000000000001
COST,2023-12-14,14.67
COST,2024-03-07,15.080000000000002
COST,2024-06-06,15.930000000000001
COST,2024-09-26,16.22
COST,2024-12-12,16.68
COST,2025-03-06,16.99
COST,2025-05-29,17.490000000000002
COST,2025-09-25,18.21
COST,2025-12-11,18.67
COST,2026-03-05,19.23
COST,2026-05-28,19.88
CPAY,2021-08-04,11.78
CPAY,2021-11-03,12.5
CPAY,2022-02-08,13.209999999999999
CPAY,2022-05-05,14.040000000000001
CPAY,2022-08-03,15.06
CPAY,2022-11-02,15.780000000000001
CPAY,2023-02-08,16.1
CPAY,2023-05-03,16.25
CPAY,2023-08-08,16.27
CPAY,2023-11-08,16.52
CPAY,2024-02-07,16.92
CPAY,2024-05-08,17.22
CPAY,2024-08-07,17.58
CPAY,2024-11-07,18.09
CPAY,2025-02-05,19.009999999999998
CPAY,2025-05-06,19.42
CPAY,2025-08-06,20.0
CPAY,2025-11-05,20.7
CPAY,2026-02-04,21.38
CPAY,2026-05-07,22.669999999999998
CPAY,2026-08-05,24.54
CPRT,2021-05-19,0.8400000000000001
CPRT,2021-09-08,0.93
CPRT,2021-11-17,1.0
CPRT,2022-02-16,1.08
CPRT,2022-05-18,1.1
CPRT,2022-09-07,1.12
CPRT,2022-11-16,1.11
CPRT,2023-02-20,1.1400000000000001
CPRT,2023-05-17,1.21
CPRT,2023-09-14,1.27
CPRT,2023-11-16,1.35
CPRT,2024-02-22,1.3699999999999999
CPRT,2024-05-16,1.4000000000000001
CPRT,2024-09-04,1.3900000000000001
CPRT,2024-11-21,1.4200000000000002
CPRT,2025-02-20,1.4900000000000002
CPRT,2025-05-22,1.52
CPRT,2025-09-04,1.5999999999999999
CPRT,2025-11-20,1.64
CPRT,2026-02-19,1.5999999999999999
CPRT,2026-05-21,1.6099999999999999
CPT,2021-07-29,1.26
CPT,2021-10-28,1.2
CPT,2022-02-03,1.27
CPT,2022-04-28,1.38
CPT,2022-07-28,1.2999999999999998
CPT,2022-10-27,1.2799999999999998
CPT,2023-02-02,1.33
CPT,2023-04-27,1.3
CPT,2023-08-03,1.4900000000000002
CPT,2023-10-26,1.6600000000000001
CPT,2024-02-01,1.66
CPT,2024-05-02,1.65
CPT,2024-08-01,1.64
CPT,2024-10-31,1.54
CPT,2025-02-06,1.49
CPT,2025-05-01,1.47
CPT,2025-07-31,1.38
CPT,2025-11-06,1.25
CPT,2026-02-05,1.27
CPT,2026-04-30,0.6699999999999999
CPT,2026-07-30,0.54
CRH,2025-02-26,4.97
CRH,2025-05-05,4.89
CRH,2025-08-06,4.99
CRH,2025-11-05,5.25
CRH,2026-02-18,5.58
CRH,2026-04-30,5.49
CRH,2026-07-30,5.46
CRL,2021-08-04,9.86
CRL,2021-11-03,10.23
CRL,2022-02-16,10.33
CRL,2022-05-04,10.55
CRL,2022-08-03,10.71
CRL,2022-11-02,10.64
CRL,2023-02-22,11.129999999999999
CRL,2023-05-11,11.16
CRL,2023-08-09,11.08
CRL,2023-11-08,11.169999999999998
CRL,2024-02-14,10.65
CRL,2024-05-09,10.14
CRL,2024-08-07,10.25
CRL,2024-11-06,10.12
CRL,2025-02-19,10.32
CRL,2025-05-07,10.39
CRL,2025-08-06,10.709999999999999
CRL,2025-11-05,10.55
CRL,2026-02-18,10.28
CRL,2026-05-07,10.0
CRL,2026-08-05,9.9
CRM,2021-05-27,5.43
CRM,2021-08-25,5.47
CRM,2021-11-30,5.0
CRM,2022-03-01,4.8
CRM,2022-05-31,4.569999999999999
CRM,2022-08-24,4.28
CRM,2022-11-30,4.41
CRM,2023-03-01,5.25
CRM,2023-05-31,5.96
CRM,2023-08-30,6.89
CRM,2023-11-29,7.6
CRM,2024-02-28,8.209999999999999
CRM,2024-05-29,8.96
CRM,2024-08-28,9.4
CRM,2024-12-03,9.700000000000001
CRM,2025-02-26,10.19
CRM,2025-05-28,10.33
CRM,2025-09-03,10.68
CRM,2025-12-03,11.52
CRM,2026-02-25,12.55
CRM,2026-05-27,13.85
CRWD,2021-06-03,0.09
CRWD,2021-08-31,0.11
CRWD,2021-12-01,0.13
CRWD,2022-03-09,0.18
CRWD,2022-06-02,0.23
CRWD,2022-08-30,0.29000000000000004
CRWD,2022-11-29,0.35000000000000003
CRWD,2023-03-07,0.39
CRWD,2023-05-31,0.45
CRWD,2023-08-30,0.55
CRWD,2023-11-28,0.66
CRWD,2024-03-05,0.78
CRWD,2024-06-04,0.87
CRWD,2024-08-28,0.94
CRWD,2024-11-26,0.96
CRWD,2025-03-04,0.98
CRWD,2025-06-03,0.9299999999999999
CRWD,2025-08-27,0.9
CRWD,2025-12-02,0.91
CRWD,2026-03-03,0.93
CRWD,2026-06-03,1.03
CSCO,2021-08-18,3.2199999999999998
CSCO,2021-11-17,3.2800000000000002
CSCO,2022-02-16,3.33
CSCO,2022-05-18,3.37
CSCO,2022-08-17,3.3600000000000003
CSCO,2022-11-16,3.4
CSCO,2023-02-15,3.44
CSCO,2023-05-17,3.57
CSCO,2023-08-16,3.88
CSCO,2023-11-15,4.13
CSCO,2024-02-14,4.12
CSCO,2024-05-15,4.0
CSCO,2024-08-14,3.7300000000000004
CSCO,2024-11-13,3.5300000000000002
CSCO,2025-02-12,3.5999999999999996
CSCO,2025-05-14,3.6799999999999997
CSCO,2025-08-13,3.8
CSCO,2025-11-12,3.8899999999999997
CSCO,2026-02-11,3.99
CSCO,2026-05-13,4.09
CSCO,2026-08-12,4.32
CSGP,2021-07-27,1.05
CSGP,2021-10-26,1.07
CSGP,2022-02-22,1.1400000000000001
CSGP,2022-04-26,1.17
CSGP,2022-07-26,1.19
CSGP,2022-10-25,1.24
CSGP,2023-02-21,1.27
CSGP,2023-04-25,1.25
CSGP,2023-07-25,1.2799999999999998
CSGP,2023-10-24,1.28
CSGP,2024-02-20,1.23
CSGP,2024-04-22,1.04
CSGP,2024-07-23,0.88
CSGP,2024-10-22,0.8
CSGP,2025-02-18,0.73
CSGP,2025-04-29,0.78
CSGP,2025-07-22,0.8
CSGP,2025-10-28,0.81
CSGP,2026-02-24,0.86
CSGP,2026-04-28,0.94
CSGP,2026-07-28,1.09
CSX,2021-07-21,1.36
CSX,2021-10-20,1.47
CSX,2022-01-20,1.56
CSX,2022-04-20,1.6400000000000001
CSX,2022-07-20,1.75
CSX,2022-10-20,1.84
CSX,2023-01-25,1.9100000000000001
CSX,2023-04-20,2.0
CSX,2023-07-20,1.98
CSX,2023-10-19,1.88
CSX,2024-01-24,1.8399999999999999
CSX,2024-04-17,1.82
CSX,2024-08-05,1.82
CSX,2024-10-16,1.86
CSX,2025-01-23,1.83
CSX,2025-04-16,1.71
CSX,2025-07-23,1.66
CSX,2025-10-16,1.6400000000000001
CSX,2026-01-22,1.61
CSX,2026-04-22,1.7
CSX,2026-07-22,1.8
CTAS,2021-07-15,2.5
CTAS,2021-09-29,2.58
CTAS,2021-12-22,2.68
CTAS,2022-03-23,2.8299999999999996
CTAS,2022-07-14,2.91
CTAS,2022-09-28,2.9799999999999995
CTAS,2022-12-21,3.07
CTAS,2023-03-29,3.12
CTAS,2023-07-13,3.25
CTAS,2023-09-26,3.33
CTAS,2023-12-21,3.45
CTAS,2024-03-27,3.62
CTAS,2024-07-18,3.79
CTAS,2024-09-25,3.9600000000000004
CTAS,2024-12-19,4.15
CTAS,2025-03-26,4.32
CTAS,2025-07-17,4.41
CTAS,2025-09-24,4.51
CTAS,2025-12-18,4.63
CTAS,2026-03-25,4.74
CTAS,2026-07-15,4.91
CTSH,2021-07-28,3.6
CTSH,2021-10-27,3.69
CTSH,2022-02-02,4.12
CTSH,2022-05-04,4.23
CTSH,2022-07-27,4.38
CTSH,2022-11-02,4.49
CTSH,2023-02-02,4.4
CTSH,2023-05-03,4.43
CTSH,2023-08-02,4.390000000000001
CTSH,2023-11-01,4.380000000000001
CTSH,2024-02-06,4.55
CTSH,2024-05-01,4.56
CTSH,2024-07-31,4.63
CTSH,2024-10-30,4.72
CTSH,2025-02-05,4.75
CTSH,2025-04-30,4.86
CTSH,2025-07-30,5.0
CTSH,2025-10-29,5.140000000000001
CTSH,2026-02-04,5.28
CTSH,2026-04-29,5.449999999999999
CTSH,2026-07-29,5.51
CTVA,2021-08-05,1.8399999999999999
CTVA,2021-11-03,2.09
CTVA,2022-02-02,2.13
CTVA,2022-05-04,2.3099999999999996
CTVA,2022-08-04,2.55
CTVA,2022-11-03,2.57
CTVA,2023-02-01,2.65
CTVA,2023-05-03,2.84
CTVA,2023-08-03,2.8
CTVA,2023-10-27,2.69
CTVA,2024-01-31,2.68
CTVA,2024-05-01,2.41
CTVA,2024-07-31,2.64
CTVA,2024-11-06,2.38
CTVA,2025-02-05,2.5500000000000003
CTVA,2025-05-07,2.79
CTVA,2025-08-06,3.16
CTVA,2025-11-04,3.4200000000000004
CTVA,2026-02-03,3.3200000000000003
CTVA,2026-05-05,3.6900000000000004
CTVA,2026-07-30,3.79
CVNA,2021-08-05,-0.24
CVNA,2021-11-04,-0.3
CVNA,2022-02-24,-0.32
CVNA,2022-04-20,-0.8099999999999999
CVNA,2022-08-04,-1.33
CVNA,2022-11-03,-1.7799999999999998
CVNA,2023-02-23,-2.21
CVNA,2023-05-04,-1.93
CVNA,2023-07-19,-1.65
CVNA,2023-11-02,-1.2600000000000002
CVNA,2024-02-22,-0.98
CVNA,2024-05-01,-0.6299999999999999
CVNA,2024-07-31,-0.41
CVNA,2024-10-30,-0.13999999999999996
CVNA,2025-02-19,0.33
CVNA,2025-05-07,0.5800000000000001
CVNA,2025-07-30,0.81
CVNA,2025-10-29,0.89
CVNA,2026-02-18,1.6099999999999999
CVNA,2026-04-29,1.65
CVNA,2026-07-29,1.81
CVS,2021-08-04,7.42
CVS,2021-11-03,7.7299999999999995
CVS,2022-02-09,8.41
CVS,2022-05-04,8.59
CVS,2022-08-03,8.57
CVS,2022-11-02,8.75
CVS,2023-02-08,8.76
CVS,2023-05-03,8.74
CVS,2023-08-02,8.55
CVS,2023-11-01,8.61
CVS,2024-02-07,8.74
CVS,2024-05-01,7.85
CVS,2024-08-07,7.470000000000001
CVS,2024-11-06,6.3500000000000005
CVS,2025-02-12,5.42
CVS,2025-05-01,6.359999999999999
CVS,2025-07-31,6.34
CVS,2025-10-29,6.85
CVS,2026-02-10,6.75
CVS,2026-05-06,7.07
CVS,2026-08-05,7.84
CVX,2021-07-30,2.71
CVX,2021-10-29,5.5600000000000005
CVX,2022-01-28,8.129999999999999
CVX,2022-04-29,10.59
CVX,2022-07-29,14.700000000000001
CVX,2022-10-28,17.3
CVX,2023-01-27,18.830000000000002
CVX,2023-04-28,19.02
CVX,2023-07-23,16.28
CVX,2023-10-27,13.77
CVX,2024-02-02,13.13
CVX,2024-04-26,12.51
CVX,2024-08-02,11.98
CVX,2024-11-01,11.44
CVX,2025-01-31,10.05
CVX,2025-05-02,9.3
CVX,2025-08-01,8.52
CVX,2025-10-31,7.859999999999999
CVX,2026-01-30,7.32
CVX,2026-05-01,6.550000000000001
CVX,2026-07-31,10.84
D,2021-08-06,3.74
D,2021-11-05,3.7700000000000005
D,2022-02-11,3.8600000000000003
D,2022-05-05,3.95
D,2022-08-08,3.96
D,2022-11-04,4.029999999999999
D,2023-02-08,4.1899999999999995
D,2023-05-05,4.0
D,2023-08-04,3.76
D,2023-11-03,3.3500000000000005
D,2024-02-22,2.5799999999999996
D,2024-05-02,2.14
D,2024-08-01,2.2600000000000002
D,2024-11-01,2.47
D,2025-02-12,2.76
D,2025-05-01,3.14
D,2025-08-01,3.2399999999999998
D,2025-10-31,3.32
D,2026-02-23,3.4200000000000004
D,2026-05-01,3.44
D,2026-07-31,3.48
DAL,2021-07-14,-10.45
DAL,2021-10-13,-6.85
DAL,2022-01-13,-4.1000000000000005
DAL,2022-04-13,-1.78
DAL,2022-07-13,0.73
DAL,2022-10-13,1.94
DAL,2023-01-13,3.2
DAL,2023-04-13,4.68
DAL,2023-07-13,5.92
DAL,2023-10-12,6.4399999999999995
DAL,2024-01-12,6.239999999999999
DAL,2024-04-10,6.4399999999999995
DAL,2024-07-11,6.119999999999999
DAL,2024-10-10,5.59
DAL,2025-01-10,6.16
DAL,2025-04-09,6.17
DAL,2025-07-10,5.91
DAL,2025-10-09,6.12
DAL,2026-01-13,5.819999999999999
DAL,2026-04-08,6.0
DAL,2026-07-10,5.46
DASH,2021-11-09,-3.26
DASH,2022-02-16,-0.6
DASH,2022-08-04,-0.5499999999999999
DASH,2022-11-03,-1.02
DASH,2023-05-04,-1.13
DASH,2023-08-02,-0.6299999999999999
DASH,2023-11-01,-0.88
DASH,2024-02-15,-0.5
DASH,2024-05-01,0.5700000000000001
DASH,2024-08-01,0.89
DASH,2024-10-30,1.46
DASH,2025-02-11,2.18
DASH,2025-05-06,1.96
DASH,2025-08-06,1.8
DASH,2025-11-05,1.97
DASH,2026-02-18,2.12
DASH,2026-05-06,2.8200000000000003
DASH,2026-08-05,2.63
DD,2021-08-03,11.4
DD,2021-11-02,12.21
DD,2022-02-08,12.600000000000001
DD,2022-05-03,12.33
DD,2022-08-02,11.790000000000001
DD,2022-11-08,10.799999999999999
DD,2023-02-07,10.23
DD,2023-05-02,10.29
DD,2023-08-03,10.2
DD,2023-11-01,10.5
DD,2024-02-06,10.44
DD,2024-05-01,10.29
DD,2024-07-31,10.65
DD,2024-11-05,11.43
DD,2025-02-11,12.21
DD,2025-05-02,12.93
DD,2025-08-05,13.379999999999999
DD,2025-11-06,13.11
DD,2026-02-10,11.1
DD,2026-05-05,9.66
DD,2026-08-04,8.18
DDOG,2021-08-05,0.26
DDOG,2021-11-04,0.34
DDOG,2022-02-10,0.48000000000000004
DDOG,2022-05-05,0.66
DDOG,2022-08-04,0.81
DDOG,2022-11-03,0.9099999999999999
DDOG,2023-02-16,0.97
DDOG,2023-05-04,1.01
DDOG,2023-08-08,1.13
DDOG,2023-11-07,1.35
DDOG,2024-02-13,1.53
DDOG,2024-05-07,1.69
DDOG,2024-08-08,1.7600000000000002
DDOG,2024-11-07,1.77
DDOG,2025-02-13,1.82
DDOG,2025-05-06,1.84
DDOG,2025-08-07,1.87
DDOG,2025-11-06,1.96
DDOG,2026-02-10,2.06
DDOG,2026-05-07,2.2
DDOG,2026-08-06,2.39
DE,2021-05-21,14.51
DE,2021-08-20,17.259999999999998
DE,2021-11-24,18.99
DE,2022-02-18,18.04
DE,2022-05-20,19.17
DE,2022-08-19,20.009999999999998
DE,2022-11-23,23.64
DE,2023-02-17,27.27
DE,2023-05-19,30.560000000000002
DE,2023-08-18,34.599999999999994
DE,2023-11-22,35.17
DE,2024-02-15,34.85
DE,2024-05-16,33.28
DE,2024-08-15,29.37
DE,2024-11-21,25.6
DE,2025-02-13,22.56
DE,2025-05-15,20.67
DE,2025-08-14,19.130000000000003
DE,2025-11-26,18.51
DE,2026-02-19,17.740000000000002
DE,2026-05-21,17.65
DECK,2021-07-29,2.58
DECK,2021-10-28,2.59
DECK,2022-02-03,2.49
DECK,2022-05-19,2.71
DECK,2022-07-28,2.71
DECK,2022-10-27,2.7299999999999995
DECK,2023-02-02,3.08
DECK,2023-05-25,3.24
DECK,2023-07-27,3.36
DECK,2023-10-26,3.87
DECK,2024-02-01,4.64
DECK,2024-05-23,4.89
DECK,2024-07-25,5.24
DECK,2024-10-24,5.6899999999999995
DECK,2025-01-30,6.17
DECK,2025-05-22,6.34
DECK,2025-07-24,6.52
DECK,2025-10-23,6.75
DECK,2026-01-29,7.08
DECK,2026-05-21,7.04
DECK,2026-07-23,7.050000000000001
DELL,2021-05-27,8.78
DELL,2021-08-26,9.1
DELL,2021-11-23,9.440000000000001
DELL,2022-02-24,8.459999999999999
DELL,2022-05-26,8.170000000000002
DELL,2022-08-25,7.61
DELL,2022-11-21,7.54
DELL,2023-03-02,7.619999999999999
DELL,2023-06-01,7.09
DELL,2023-08-31,7.15
DELL,2023-11-30,6.73
DELL,2024-02-29,7.130000000000001
DELL,2024-05-30,7.09
DELL,2024-08-29,7.239999999999999
DELL,2024-11-26,7.51
DELL,2025-02-27,7.99
DELL,2025-05-29,8.27
DELL,2025-08-28,8.7
DELL,2025-11-25,9.14
DELL,2026-02-26,10.35
DELL,2026-05-28,13.66
DG,2021-05-27,10.870000000000001
DG,2021-08-26,10.44
DG,2021-12-02,10.209999999999999
DG,2022-03-17,10.16
DG,2022-05-26,9.75
DG,2022-08-25,10.040000000000001
DG,2022-12-01,10.290000000000001
DG,2023-03-16,10.68
DG,2023-06-01,10.61
DG,2023-08-31,9.76
DG,2023-12-07,8.69
DG,2024-03-14,7.5600000000000005
DG,2024-05-30,6.87
DG,2024-08-29,6.44
DG,2024-12-05,6.069999999999999
DG,2025-03-13,5.92
DG,2025-06-03,6.05
DG,2025-08-28,6.21
DG,2025-12-04,6.6000000000000005
DG,2026-03-12,6.85
DG,2026-06-02,7.07
DGX,2021-07-22,15.73
DGX,2021-10-21,15.38
DGX,2022-02-03,14.229999999999999
DGX,2022-04-21,13.69
DGX,2022-07-21,12.87
DGX,2022-10-20,11.27
DGX,2023-02-02,9.92
DGX,2023-04-27,8.74
DGX,2023-07-26,8.68
DGX,2023-10-24,8.54
DGX,2024-02-01,8.709999999999999
DGX,2024-04-23,8.71
DGX,2024-07-23,8.76
DGX,2024-10-22,8.84
DGX,2025-01-30,8.92
DGX,2025-04-22,9.09
DGX,2025-07-22,9.36
DGX,2025-10-21,9.66
DGX,2026-02-10,9.85
DGX,2026-04-21,10.14
DGX,2026-07-23,10.64
DHI,2021-07-22,10.01
DHI,2021-11-09,11.51
DHI,2022-02-02,12.54
DHI,2022-04-26,14.040000000000001
DHI,2022-07-21,15.57
DHI,2022-11-09,16.54
DHI,2023-01-24,16.130000000000003
DHI,2023-04-20,14.83
DHI,2023-07-20,14.059999999999999
DHI,2023-11-07,13.84
DHI,2024-01-23,13.9
DHI,2024-04-18,14.69
DHI,2024-07-18,14.889999999999999
DHI,2024-10-29,14.36
DHI,2025-01-21,14.149999999999999
DHI,2025-04-17,13.209999999999999
DHI,2025-07-22,12.469999999999999
DHI,2025-10-28,11.59
DHI,2026-01-20,11.01
DHI,2026-04-21,10.67
DHI,2026-07-21,10.51
DHR,2021-07-22,8.78
DHR,2021-10-21,9.45
DHR,2022-01-27,10.06
DHR,2022-04-21,10.3
DHR,2022-07-21,10.6
DHR,2022-10-20,10.77
DHR,2023-01-24,10.95
DHR,2023-04-25,10.549999999999999
DHR,2023-07-25,9.84
DHR,2023-10-24,9.3
DHR,2024-01-30,8.52
DHR,2024-04-23,8.08
DHR,2024-07-23,7.749999999999999
DHR,2024-10-22,7.4399999999999995
DHR,2025-01-29,7.49
DHR,2025-04-22,7.45
DHR,2025-07-22,7.53
DHR,2025-10-21,7.710000000000001
DHR,2026-01-28,7.8
DHR,2026-04-21,7.98
DHR,2026-07-21,8.120000000000001
DIS,2021-08-12,1.71
DIS,2021-11-10,2.29
DIS,2022-02-09,3.0300000000000002
DIS,2022-05-11,3.3200000000000003
DIS,2022-08-10,3.6100000000000003
DIS,2022-11-08,3.5300000000000002
DIS,2023-02-08,3.46
DIS,2023-05-10,3.31
DIS,2023-08-09,3.26
DIS,2023-11-08,3.78
DIS,2024-02-07,4.01
DIS,2024-05-07,4.29
DIS,2024-08-07,4.64
DIS,2024-11-14,4.96
DIS,2025-02-05,5.5
DIS,2025-05-07,5.74
DIS,2025-08-06,5.96
DIS,2025-11-13,5.930000000000001
DIS,2026-02-02,5.8
DIS,2026-05-06,5.92
DIS,2026-08-05,6.37
DLR,2021-07-29,1.1
DLR,2021-10-26,1.37
DLR,2022-02-17,1.26
DLR,2022-04-28,1.1300000000000001
DLR,2022-07-28,1.1800000000000002
DLR,2022-10-26,1.14
DLR,2023-02-16,1.09
DLR,2023-04-27,1.01
DLR,2023-07-27,0.9099999999999999
DLR,2023-10-26,0.75
DLR,2024-02-15,0.68
DLR,2024-05-02,1.31
DLR,2024-07-25,1.3599999999999999
DLR,2024-10-24,1.3800000000000001
DLR,2025-02-13,1.5899999999999999
DLR,2025-04-24,1.15
DLR,2025-07-24,1.27
DLR,2025-10-23,1.4000000000000001
DLR,2026-02-05,1.51
DLR,2026-04-23,1.5899999999999999
DLR,2026-07-23,1.82
DLTR,2021-05-27,6.220000000000001
DLTR,2021-08-26,6.3500000000000005
DLTR,2021-11-23,5.92
DLTR,2022-03-02,5.8
DLTR,2022-05-26,6.569999999999999
DLTR,2022-08-25,6.9399999999999995
DLTR,2022-11-22,7.18
DLTR,2023-03-01,7.21
DLTR,2023-05-25,6.31
DLTR,2023-08-24,5.619999999999999
DLTR,2023-11-29,5.39
DLTR,2024-03-13,5.9
DLTR,2024-06-05,5.86
DLTR,2024-09-04,5.62
DLTR,2024-12-04,5.7700000000000005
DLTR,2025-03-26,5.51
DLTR,2025-06-04,5.340000000000001
DLTR,2025-09-03,5.44
DLTR,2025-12-03,5.53
DLTR,2026-03-16,5.800000000000001
DLTR,2026-05-28,6.28
DOC,2021-08-03,0.5
DOC,2021-11-02,0.66
DOC,2022-02-08,0.73
DOC,2022-05-03,0.76
DOC,2022-08-02,0.44
DOC,2022-11-01,0.4
DOC,2023-02-07,0.33999999999999997
DOC,2023-04-27,0.29000000000000004
DOC,2023-07-27,0.28
DOC,2023-10-30,0.3
DOC,2024-02-08,0.43000000000000005
DOC,2024-04-25,0.44999999999999996
DOC,2024-07-25,0.41
DOC,2024-10-24,0.33999999999999997
DOC,2025-02-03,0.24
DOC,2025-04-24,0.21000000000000002
DOC,2025-07-24,0.22000000000000003
DOC,2025-10-23,-0.009999999999999981
DOC,2026-02-02,0.04000000000000002
DOC,2026-05-05,0.26000000000000006
DOC,2026-08-04,0.2800000000000001
DOV,2021-07-20,7.0200000000000005
DOV,2021-10-19,7.4
DOV,2022-01-27,7.63
DOV,2022-04-21,7.720000000000001
DOV,2022-07-21,7.8
DOV,2022-10-20,8.08
DOV,2023-01-31,8.46
DOV,2023-04-26,8.5
DOV,2023-07-25,8.41
DOV,2023-10-24,8.5
DOV,2024-02-01,8.79
DOV,2024-04-25,8.8
DOV,2024-07-25,9.11
DOV,2024-10-24,9.03
DOV,2025-01-30,8.78
DOV,2025-04-24,8.879999999999999
DOV,2025-07-24,8.96
DOV,2025-10-23,9.31
DOV,2026-01-29,9.62
DOV,2026-04-23,9.85
DOV,2026-07-23,10.15
DOW,2021-07-22,5.390000000000001
DOW,2021-10-21,7.640000000000001
DOW,2022-01-27,8.98
DOW,2022-04-21,9.96
DOW,2022-07-21,9.55
DOW,2022-10-20,7.91
DOW,2023-01-26,6.22
DOW,2023-04-25,4.46
DOW,2023-07-25,2.9000000000000004
DOW,2023-10-24,2.27
DOW,2024-01-25,2.24
DOW,2024-04-25,2.2199999999999998
DOW,2024-07-25,2.15
DOW,2024-10-24,2.14
DOW,2025-04-24,1.73
DOW,2025-07-24,0.75
DOW,2025-10-23,-0.12
DOW,2026-01-29,-0.9299999999999999
DOW,2026-04-23,-1.09
DOW,2026-07-23,0.7699999999999998
DPZ,2021-07-22,12.01
DPZ,2021-10-14,12.76
DPZ,2022-03-01,13.55
DPZ,2022-04-28,13.05
DPZ,2022-07-21,12.81
DPZ,2022-10-13,12.36
DPZ,2023-02-23,12.54
DPZ,2023-04-27,12.969999999999999
DPZ,2023-07-24,13.229999999999999
DPZ,2023-10-12,14.62
DPZ,2024-02-26,14.67
DPZ,2024-04-29,15.32
DPZ,2024-07-18,16.27
DPZ,2024-10-10,16.28
DPZ,2025-02-24,16.69
DPZ,2025-04-28,17.44
DPZ,2025-07-21,17.22
DPZ,2025-10-14,17.11
DPZ,2026-02-23,17.57
DPZ,2026-04-27,17.37
DPZ,2026-07-20,17.63
DRI,2021-06-24,4.31
DRI,2021-09-23,5.51
DRI,2021-12-17,6.249999999999999
DRI,2022-03-24,7.199999999999999
DRI,2022-06-23,7.4399999999999995
DRI,2022-09-22,7.21
DRI,2022-12-16,7.249999999999999
DRI,2023-03-23,7.68
DRI,2023-06-22,8.01
DRI,2023-09-21,8.26
DRI,2023-12-15,8.58
DRI,2024-03-21,8.84
DRI,2024-06-20,8.89
DRI,2024-09-19,8.86
DRI,2024-12-19,9.05
DRI,2025-03-20,9.229999999999999
DRI,2025-06-20,9.559999999999999
DRI,2025-09-18,9.78
DRI,2025-12-18,9.83
DRI,2026-03-19,9.98
DRI,2026-06-25,10.66
DTE,2021-07-27,8.139999999999999
DTE,2021-10-27,7.25
DTE,2022-02-10,6.909999999999999
DTE,2022-04-28,6.78
DTE,2022-07-28,5.96
DTE,2022-10-27,5.84
DTE,2023-02-23,6.1000000000000005
DTE,2023-04-27,5.12
DTE,2023-07-27,5.23
DTE,2023-11-01,5.07
DTE,2024-02-08,5.73
DTE,2024-04-25,6.07
DTE,2024-07-25,6.51
DTE,2024-10-24,7.29
DTE,2025-02-13,6.83
DTE,2025-05-01,7.260000000000001
DTE,2025-07-29,7.19
DTE,2025-10-30,7.220000000000001
DTE,2026-02-17,7.360000000000001
DTE,2026-04-30,7.21
DTE,2026-07-28,7.17
DUK,2021-08-05,5.3100000000000005
DUK,2021-11-04,5.32
DUK,2022-02-10,5.2299999999999995
DUK,2022-05-09,5.27
DUK,2022-08-04,5.26
DUK,2022-11-04,5.16
DUK,2023-02-09,5.33
DUK,2023-05-09,5.2299999999999995
DUK,2023-08-08,5.0
DUK,2023-11-02,5.16
DUK,2024-02-08,5.5600000000000005
DUK,2024-05-07,5.8
DUK,2024-08-06,6.07
DUK,2024-11-07,5.75
DUK,2025-02-13,5.8999999999999995
DUK,2025-05-06,6.220000000000001
DUK,2025-08-05,6.290000000000001
DUK,2025-11-07,6.4799999999999995
DUK,2026-02-10,6.32
DUK,2026-05-05,6.49
DUK,2026-08-04,6.67
DVA,2021-08-03,8.2
DVA,2021-10-28,8.76
DVA,2022-02-10,9.11
DVA,2022-05-05,8.63
DVA,2022-08-01,8.29
DVA,2022-10-28,7.38
DVA,2023-02-22,6.469999999999999
DVA,2023-05-08,6.4399999999999995
DVA,2023-08-03,6.220000000000001
DVA,2023-11-07,7.62
DVA,2024-02-13,8.379999999999999
DVA,2024-05-02,9.18
DVA,2024-08-06,9.69
DVA,2024-10-29,9.43
DVA,2025-02-13,9.8
DVA,2025-05-12,9.42
DVA,2025-08-05,9.780000000000001
DVA,2025-10-29,9.7
DVA,2026-02-02,10.86
DVA,2026-05-05,11.73
DVA,2026-08-04,12.8
DVN,2021-11-02,2.06
DVN,2022-02-15,3.5199999999999996
DVN,2022-05-02,4.95
DVN,2022-08-01,6.9399999999999995
DVN,2022-11-01,8.04
DVN,2023-02-14,8.31
DVN,2023-05-09,7.89
DVN,2023-08-01,6.48
DVN,2023-11-07,5.95
DVN,2024-02-27,5.7
DVN,2024-05-01,5.4
DVN,2024-08-06,5.63
DVN,2024-11-05,5.08
DVN,2025-02-18,4.83
DVN,2025-05-06,4.88
DVN,2025-08-05,4.31
DVN,2025-11-05,4.25
DVN,2026-02-17,3.9099999999999997
DVN,2026-05-05,3.7399999999999998
DVN,2026-08-04,4.47
DXCM,2021-07-29,0.74
DXCM,2021-10-28,0.72
DXCM,2022-02-10,0.66
DXCM,2022-04-28,0.6599999999999999
DXCM,2022-07-28,0.64
DXCM,2022-10-27,0.7000000000000001
DXCM,2023-02-09,0.8700000000000001
DXCM,2023-04-27,0.9600000000000001
DXCM,2023-07-27,1.1300000000000001
DXCM,2023-10-26,1.35
DXCM,2024-02-08,1.51
DXCM,2024-04-25,1.6600000000000001
DXCM,2024-07-25,1.75
DXCM,2024-10-24,1.7
DXCM,2025-02-13,1.65
DXCM,2025-05-01,1.65
DXCM,2025-07-30,1.7
DXCM,2025-10-30,1.86
DXCM,2026-02-12,2.0900000000000003
DXCM,2026-04-30,2.33
DXCM,2026-07-30,2.5500000000000003
EBAY,2021-08-11,3.79
EBAY,2021-10-27,3.84
EBAY,2022-02-23,4.03
EBAY,2022-05-04,3.99
EBAY,2022-08-03,3.99
EBAY,2022-11-02,4.09
EBAY,2023-02-22,4.11
EBAY,2023-04-26,4.17
EBAY,2023-07-26,4.21
EBAY,2023-11-07,4.24
EBAY,2024-02-27,4.24
EBAY,2024-05-01,4.38
EBAY,2024-07-31,4.529999999999999
EBAY,2024-10-30,4.6899999999999995
EBAY,2025-02-26,4.869999999999999
EBAY,2025-04-30,5.0
EBAY,2025-07-30,5.1899999999999995
EBAY,2025-10-29,5.36
EBAY,2026-02-18,5.52
EBAY,2026-04-29,5.8
EBAY,2026-08-05,6.03
ECHO,2021-08-03,-0.5299999999999998
ECHO,2021-11-09,-0.18999999999999984
ECHO,2022-02-24,0.1100000000000001
ECHO,2022-05-05,0.2000000000000001
ECHO,2022-08-04,0.2500000000000001
ECHO,2022-11-02,0.22000000000000008
ECHO,2023-02-22,1.62
ECHO,2023-05-08,1.71
ECHO,2023-08-08,1.48
ECHO,2023-11-06,1.15
ECHO,2024-02-29,-3.8600000000000003
ECHO,2024-05-08,-4.670000000000001
ECHO,2024-08-09,-5.5600000000000005
ECHO,2024-11-12,-6.12
ECHO,2025-02-27,-0.4500000000000002
ECHO,2025-05-09,-0.7600000000000001
ECHO,2025-08-01,-1.06
ECHO,2025-11-06,-1.73
ECHO,2026-03-02,-3.33
ECHO,2026-05-11,-3.33
ECHO,2026-08-03,-2.13
ECL,2021-07-27,4.41
ECL,2021-10-26,4.64
ECL,2022-02-15,4.6899999999999995
ECL,2022-04-26,4.7
ECL,2022-07-26,4.58
ECL,2022-11-01,4.5
ECL,2023-02-14,4.49
ECL,2023-05-02,4.55
ECL,2023-08-01,4.6899999999999995
ECL,2023-10-31,4.93
ECL,2024-02-13,5.21
ECL,2024-04-30,5.67
ECL,2024-07-30,6.109999999999999
ECL,2024-10-29,6.4
ECL,2025-02-11,6.66
ECL,2025-04-29,6.82
ECL,2025-07-29,7.03
ECL,2025-10-28,7.27
ECL,2026-02-10,7.539999999999999
ECL,2026-04-28,7.739999999999999
ECL,2026-07-28,7.9399999999999995
ED,2021-08-05,4.2
ED,2021-11-04,4.13
ED,2022-02-17,4.38
ED,2022-05-05,4.41
ED,2022-08-04,4.52
ED,2022-11-03,4.74
ED,2023-02-16,4.55
ED,2023-05-04,4.91
ED,2023-08-03,4.88
ED,2023-11-02,4.87
ED,2024-02-15,5.0600000000000005
ED,2024-05-02,5.38
ED,2024-08-01,5.359999999999999
ED,2024-11-07,5.42
ED,2025-02-20,5.4
ED,2025-05-01,5.51
ED,2025-08-07,5.59
ED,2025-11-06,5.81
ED,2026-02-19,5.72
ED,2026-05-07,5.640000000000001
ED,2026-08-06,5.8
EFX,2021-07-21,7.82
EFX,2021-10-20,7.8
EFX,2022-02-09,7.640000000000001
EFX,2022-04-20,7.890000000000001
EFX,2022-07-20,8.0
EFX,2022-10-19,7.880000000000001
EFX,2023-02-08,7.5600000000000005
EFX,2023-04-19,6.77
EFX,2023-07-19,6.39
EFX,2023-10-18,6.42
EFX,2024-02-07,6.71
EFX,2024-04-17,6.78
EFX,2024-07-17,6.890000000000001
EFX,2024-10-16,6.98
EFX,2025-02-06,7.29
EFX,2025-04-22,7.32
EFX,2025-07-22,7.5
EFX,2025-10-21,7.69
EFX,2026-02-04,7.66
EFX,2026-04-21,7.99
EFX,2026-07-21,8.24
EG,2021-07-28,22.42
EG,2021-10-27,18.659999999999997
EG,2022-02-09,28.9
EG,2022-04-27,32.72
EG,2022-07-27,27.879999999999995
EG,2022-10-26,23.939999999999998
EG,2023-02-08,27.03
EG,2023-05-01,28.029999999999998
EG,2023-07-26,33.45
EG,2023-10-25,52.870000000000005
EG,2024-02-07,65.84
EG,2024-04-29,70.85
EG,2024-07-31,72.49000000000001
EG,2024-10-30,72.97
EG,2025-02-03,29.4
EG,2025-04-30,19.529999999999998
EG,2025-07-30,20.039999999999996
EG,2025-10-27,11.509999999999996
EG,2026-02-04,43.16
EG,2026-04-29,52.78999999999999
EG,2026-07-29,50.279999999999994
EIX,2021-07-29,4.59
EIX,2021-11-02,4.609999999999999
EIX,2022-02-24,4.58
EIX,2022-05-03,4.859999999999999
EIX,2022-07-28,4.859999999999999
EIX,2022-11-01,4.65
EIX,2023-02-23,4.64
EIX,2023-05-02,4.66
EIX,2023-07-27,4.73
EIX,2023-11-01,4.63
EIX,2024-02-22,4.76
EIX,2024-04-30,4.8100000000000005
EIX,2024-07-25,5.02
EIX,2024-10-29,5.15
EIX,2025-02-27,4.92
EIX,2025-04-29,5.15
EIX,2025-07-31,4.9
EIX,2025-10-28,5.73
EIX,2026-02-18,6.550000000000001
EIX,2026-04-28,6.6
EIX,2026-07-30,7.17
EL,2021-05-03,5.140000000000001
EL,2021-08-19,6.45
EL,2021-11-02,6.9
EL,2022-02-03,7.300000000000001
EL,2022-05-03,7.58
EL,2022-08-18,7.22
EL,2022-11-02,6.7
EL,2023-02-02,5.23
EL,2023-05-03,3.8000000000000007
EL,2023-08-18,3.4500000000000006
EL,2023-11-01,2.1900000000000004
EL,2024-02-05,1.5300000000000005
EL,2024-05-01,2.0300000000000002
EL,2024-08-19,2.6000000000000005
EL,2024-10-31,2.630000000000001
EL,2025-02-04,2.3700000000000006
EL,2025-05-01,2.0500000000000007
EL,2025-08-20,1.5000000000000004
EL,2025-10-30,1.6800000000000006
EL,2026-02-05,1.9500000000000004
EL,2026-05-01,2.2100000000000004
ELV,2021-07-21,20.78
ELV,2021-10-20,23.37
ELV,2022-01-26,25.97
ELV,2022-04-20,27.21
ELV,2022-07-20,28.22
ELV,2022-10-19,28.96
ELV,2023-01-25,29.05
ELV,2023-04-19,30.26
ELV,2023-07-19,31.26
ELV,2023-10-18,32.72
ELV,2024-01-24,33.11
ELV,2024-04-18,34.29
ELV,2024-07-17,35.37
ELV,2024-10-17,34.75
ELV,2025-01-23,32.97
ELV,2025-04-22,34.3
ELV,2025-07-17,33.02
ELV,2025-10-21,30.68
ELV,2026-01-28,30.17
ELV,2026-04-22,30.78
ELV,2026-07-15,29.389999999999997
EME,2021-07-29,5.88
EME,2021-10-28,6.62
EME,2022-02-24,7.06
EME,2022-04-28,6.909999999999999
EME,2022-07-28,7.12
EME,2022-10-27,7.43
EME,2023-02-23,8.17
EME,2023-04-27,9.1
EME,2023-07-27,10.06
EME,2023-10-26,11.51
EME,2024-02-28,13.349999999999998
EME,2024-04-25,15.2
EME,2024-07-25,17.5
EME,2024-10-31,19.689999999999998
EME,2025-02-26,21.54
EME,2025-04-30,22.78
EME,2025-07-31,24.25
EME,2025-10-30,25.020000000000003
EME,2026-02-26,25.89
EME,2026-04-29,27.32
EME,2026-07-30,29.66
EMR,2021-08-04,3.99
EMR,2021-11-03,4.1
EMR,2022-02-02,4.32
EMR,2022-05-04,4.640000000000001
EMR,2022-08-09,4.93
EMR,2022-10-31,5.25
EMR,2023-02-08,4.98
EMR,2023-05-03,4.78
EMR,2023-08-02,4.69
EMR,2023-11-07,4.45
EMR,2024-02-07,4.89
EMR,2024-05-08,5.16
EMR,2024-08-07,5.3
EMR,2024-11-05,5.49
EMR,2025-02-05,5.65
EMR,2025-05-07,5.77
EMR,2025-08-06,5.86
EMR,2025-11-05,6.0
EMR,2026-02-03,6.08
EMR,2026-05-05,6.140000000000001
EMR,2026-08-04,6.33
EOG,2021-08-04,4.49
EOG,2021-11-04,6.220000000000001
EOG,2022-02-24,8.600000000000001
EOG,2022-05-05,10.98
EOG,2022-08-04,11.99
EOG,2022-11-03,13.54
EOG,2023-02-23,13.75
EOG,2023-05-04,12.44
EOG,2023-08-03,12.19
EOG,2023-11-02,11.920000000000002
EOG,2024-02-22,11.69
EOG,2024-05-02,11.82
EOG,2024-08-01,12.49
EOG,2024-11-07,11.940000000000001
EOG,2025-02-27,11.610000000000001
EOG,2025-05-01,11.66
EOG,2025-08-07,10.82
EOG,2025-11-06,10.64
EOG,2026-02-24,10.17
EOG,2026-05-05,10.71
EOG,2026-08-04,13.46
EQIX,2021-07-28,3.8099999999999996
EQIX,2021-11-03,4.75
EQIX,2022-02-16,5.54
EQIX,2022-04-27,5.42
EQIX,2022-07-27,7.03
EQIX,2022-11-02,7.6499999999999995
EQIX,2023-02-15,7.68
EQIX,2023-05-03,8.83
EQIX,2023-08-02,8.67
EQIX,2023-10-25,9.3
EQIX,2024-02-14,10.31
EQIX,2024-05-08,9.97
EQIX,2024-08-07,10.92
EQIX,2024-10-30,11.09
EQIX,2025-02-12,11.66
EQIX,2025-04-30,12.82
EQIX,2025-07-30,13.450000000000001
EQIX,2025-10-29,14.240000000000002
EQIX,2026-02-11,14.64
EQIX,2026-04-29,15.22
EQIX,2026-07-29,16.53
EQT,2021-07-28,0.2
EQT,2021-10-27,0.47
EQT,2022-02-09,0.8999999999999999
EQT,2022-04-27,1.41
EQT,2022-07-27,2.17
EQT,2022-10-26,3.09
EQT,2023-02-15,3.1
EQT,2023-04-26,3.99
EQT,2023-07-25,2.9899999999999998
EQT,2023-10-25,2.25
EQT,2024-02-13,2.31
EQT,2024-04-23,1.43
EQT,2024-07-23,1.5199999999999998
EQT,2024-10-29,1.3399999999999999
EQT,2025-02-18,1.5499999999999998
EQT,2025-04-22,1.9100000000000001
EQT,2025-07-22,2.4400000000000004
EQT,2025-10-21,2.84
EQT,2026-02-17,3.0500000000000003
EQT,2026-04-21,4.2
EQT,2026-07-21,4.14
ERIE,2021-07-29,5.609999999999999
ERIE,2021-10-28,5.6899999999999995
ERIE,2022-02-24,5.62
ERIE,2022-04-28,5.66
ERIE,2022-07-28,5.879999999999999
ERIE,2022-10-27,5.890000000000001
ERIE,2023-03-01,6.14
ERIE,2023-04-27,6.46
ERIE,2023-07-27,7.049999999999999
ERIE,2023-10-26,7.880000000000001
ERIE,2024-02-26,8.76
ERIE,2024-04-25,9.4
ERIE,2024-07-25,10.290000000000001
ERIE,2024-10-31,10.77
ERIE,2025-02-27,11.49
ERIE,2025-04-24,11.75
ERIE,2025-08-07,11.93
ERIE,2025-10-30,12.4
ERIE,2026-02-23,12.25
ERIE,2026-04-23,12.5
ERIE,2026-07-30,12.6
ES,2021-07-29,3.81
ES,2021-11-02,3.81
ES,2022-02-16,3.87
ES,2022-05-04,4.02
ES,2022-07-28,4.09
ES,2022-11-02,4.08
ES,2023-02-13,4.09
ES,2023-05-03,4.2
ES,2023-07-31,4.34
ES,2023-11-06,4.3
ES,2024-02-13,4.33
ES,2024-05-01,4.41
ES,2024-07-31,4.359999999999999
ES,2024-11-04,4.52
ES,2025-02-11,4.58
ES,2025-05-01,4.59
ES,2025-07-31,4.6
ES,2025-11-04,4.66
ES,2026-02-12,4.7700000000000005
ES,2026-05-06,5.0
ES,2026-07-30,4.91
ESS,2021-07-29,5.0
ESS,2021-10-26,4.79
ESS,2022-02-02,5.5600000000000005
ESS,2022-04-26,5.540000000000001
ESS,2022-07-26,5.41
ESS,2022-10-26,5.39
ESS,2023-02-07,4.51
ESS,2023-04-27,4.890000000000001
ESS,2023-07-27,5.6
ESS,2023-10-26,5.780000000000001
ESS,2024-02-06,5.42
ESS,2024-04-30,6.02
ESS,2024-07-30,5.87
ESS,2024-10-29,5.84
ESS,2025-02-04,5.48
ESS,2025-04-29,4.859999999999999
ESS,2025-07-29,4.91
ESS,2025-10-29,5.159999999999999
ESS,2026-02-04,5.759999999999999
ESS,2026-04-28,5.97
ESS,2026-07-29,5.43
ETN,2021-08-03,5.62
ETN,2021-11-02,6.19
ETN,2022-02-04,6.63
ETN,2022-05-03,6.81
ETN,2022-08-02,6.96
ETN,2022-11-01,7.23
ETN,2023-02-08,7.57
ETN,2023-05-02,7.83
ETN,2023-08-01,8.17
ETN,2023-10-31,8.620000000000001
ETN,2024-02-01,9.11
ETN,2024-04-30,9.629999999999999
ETN,2024-08-01,10.15
ETN,2024-10-31,10.52
ETN,2025-01-31,10.8
ETN,2025-05-02,11.120000000000001
ETN,2025-08-05,11.34
ETN,2025-11-04,11.57
ETN,2026-02-03,12.07
ETN,2026-05-05,12.16
ETN,2026-07-31,12.36
ETR,2021-08-04,2.99
ETR,2021-11-03,3.0
ETR,2022-02-23,3.02
ETR,2022-04-27,2.94
ETR,2022-08-03,3.16
ETR,2022-11-02,3.35
ETR,2023-02-16,3.2300000000000004
ETR,2023-04-26,3.14
ETR,2023-08-02,3.17
ETR,2023-11-01,3.3899999999999997
ETR,2024-02-22,3.39
ETR,2024-04-24,3.36
ETR,2024-08-01,3.4
ETR,2024-10-31,3.26
ETR,2025-02-18,3.66
ETR,2025-04-29,3.9400000000000004
ETR,2025-07-30,4.03
ETR,2025-10-29,4.0600000000000005
ETR,2026-02-12,3.91
ETR,2026-04-29,3.9499999999999997
ETR,2026-07-29,3.93
EVRG,2021-08-05,3.35
EVRG,2021-11-03,3.6
EVRG,2022-02-25,3.54
EVRG,2022-05-05,3.5700000000000003
EVRG,2022-08-04,3.58
EVRG,2022-11-04,3.61
EVRG,2023-02-24,3.7499999999999996
EVRG,2023-05-05,3.76
EVRG,2023-08-04,3.71
EVRG,2023-11-07,3.58
EVRG,2024-02-29,3.55
EVRG,2024-05-09,3.5
EVRG,2024-08-09,3.59
EVRG,2024-11-07,3.7300000000000004
EVRG,2025-02-27,3.81
EVRG,2025-05-08,3.81
EVRG,2025-08-07,3.73
EVRG,2025-11-06,3.7399999999999998
EVRG,2026-02-19,3.8099999999999996
EVRG,2026-05-07,3.9599999999999995
EVRG,2026-08-06,4.02
EW,2021-07-29,2.19
EW,2021-10-27,2.22
EW,2022-01-26,2.23
EW,2022-04-26,2.29
EW,2022-07-28,2.28
EW,2022-10-27,2.3499999999999996
EW,2023-01-31,2.48
EW,2023-04-26,2.5
EW,2023-07-26,2.5300000000000002
EW,2023-10-25,2.51
EW,2024-02-06,2.51
EW,2024-04-25,2.55
EW,2024-07-24,2.59
EW,2024-10-24,2.67
EW,2025-02-11,2.62
EW,2025-04-23,2.6
EW,2025-07-24,2.5700000000000003
EW,2025-10-30,2.5700000000000003
EW,2026-02-10,2.56
EW,2026-04-23,2.7
EW,2026-07-23,2.81
EXC,2021-08-04,2.63
EXC,2021-11-03,2.68
EXC,2022-02-25,2.8200000000000003
EXC,2022-05-09,3.5200000000000005
EXC,2022-08-03,3.0700000000000003
EXC,2022-11-03,2.73
EXC,2023-02-14,2.2600000000000002
EXC,2023-05-03,2.32
EXC,2023-08-02,2.29
EXC,2023-11-02,2.21
EXC,2024-02-21,2.38
EXC,2024-05-02,2.3600000000000003
EXC,2024-08-01,2.42
EXC,2024-10-30,2.46
EXC,2025-02-12,2.5
EXC,2025-05-01,2.74
EXC,2025-07-31,2.66
EXC,2025-11-04,2.81
EXC,2026-02-12,2.76
EXC,2026-05-06,2.75
EXC,2026-07-30,2.79
EXE,2021-11-02,26.86
EXE,2022-02-23,9.12
EXE,2022-05-04,9.5
EXE,2022-08-02,12.73
EXE,2022-11-01,15.41
EXE,2023-02-21,17.24
EXE,2023-05-02,16.02
EXE,2023-08-01,11.79
EXE,2023-10-31,7.8199999999999985
EXE,2024-02-20,4.909999999999999
EXE,2024-04-30,3.599999999999999
EXE,2024-07-29,2.969999999999999
EXE,2024-10-29,2.039999999999999
EXE,2025-02-26,1.2799999999999994
EXE,2025-04-29,2.7399999999999993
EXE,2025-07-29,3.8299999999999996
EXE,2025-10-28,4.64
EXE,2026-02-17,6.09
EXE,2026-04-28,7.8999999999999995
EXE,2026-07-28,8.129999999999999
EXPD,2021-08-03,5.79
EXPD,2021-11-02,6.76
EXPD,2022-02-22,8.26
EXPD,2022-05-03,8.66
EXPD,2022-08-02,9.09
EXPD,2022-11-08,9.54
EXPD,2023-02-21,8.26
EXPD,2023-05-02,7.659999999999999
EXPD,2023-08-08,6.6899999999999995
EXPD,2023-11-07,5.31
EXPD,2024-02-20,5.02
EXPD,2024-05-07,4.720000000000001
EXPD,2024-08-06,4.66
EXPD,2024-11-05,5.13
EXPD,2025-02-18,5.72
EXPD,2025-05-06,6.02
EXPD,2025-08-05,6.119999999999999
EXPD,2025-11-04,6.13
EXPD,2026-02-24,5.9399999999999995
EXPD,2026-05-05,6.18
EXPD,2026-08-04,6.87
EXPE,2021-08-05,-6.01
EXPE,2021-11-04,-2.2600000000000007
EXPE,2022-02-10,1.44
EXPE,2022-05-02,2.99
EXPE,2022-08-04,6.08
EXPE,2022-11-03,6.6
EXPE,2023-02-09,6.8
EXPE,2023-05-04,7.07
EXPE,2023-08-03,8.0
EXPE,2023-11-02,9.360000000000001
EXPE,2024-02-08,9.820000000000002
EXPE,2024-05-02,10.23
EXPE,2024-08-08,10.850000000000001
EXPE,2024-11-07,11.57
EXPE,2025-02-06,12.24
EXPE,2025-05-08,12.430000000000001
EXPE,2025-08-07,13.16
EXPE,2025-11-06,14.600000000000001
EXPE,2026-02-12,15.99
EXPE,2026-05-07,17.55
EXPE,2026-08-05,19.07
EXR,2021-07-27,4.22
EXR,2021-10-27,4.74
EXR,2022-02-23,5.55
EXR,2022-05-03,5.99
EXR,2022-08-02,6.469999999999999
EXR,2022-11-01,6.72
EXR,2023-02-22,6.24
EXR,2023-05-02,6.26
EXR,2023-08-03,6.129999999999999
EXR,2023-11-07,5.71
EXR,2024-02-27,5.2299999999999995
EXR,2024-04-30,4.78
EXR,2024-07-30,4.16
EXR,2024-10-29,3.84
EXR,2025-02-25,4.04
EXR,2025-04-29,4.3100000000000005
EXR,2025-07-30,4.609999999999999
EXR,2025-10-29,4.4799999999999995
EXR,2026-02-19,4.6
EXR,2026-04-28,4.46
EXR,2026-07-28,4.53
F,2021-07-28,2.0100000000000002
F,2021-10-27,1.87
F,2022-02-03,1.79
F,2022-04-27,1.28
F,2022-07-27,1.83
F,2022-10-26,1.62
F,2023-02-02,1.8699999999999999
F,2023-05-02,2.12
F,2023-07-27,2.1599999999999997
F,2023-10-26,2.25
F,2024-02-06,2.03
F,2024-04-24,1.8900000000000001
F,2024-07-24,1.64
F,2024-10-28,1.74
F,2025-02-05,1.8399999999999999
F,2025-05-05,1.49
F,2025-07-30,1.39
F,2025-10-23,1.35
F,2026-02-10,1.09
F,2026-04-29,1.6099999999999999
F,2026-07-28,1.6600000000000001
FANG,2021-08-02,6.14
FANG,2021-11-01,8.459999999999999
FANG,2022-02-22,11.27
FANG,2022-05-02,14.17
FANG,2022-08-01,18.84
FANG,2022-11-07,22.380000000000003
FANG,2023-02-21,24.040000000000003
FANG,2023-05-01,22.94
FANG,2023-07-31,19.55
FANG,2023-11-06,18.560000000000002
FANG,2024-02-20,18.01
FANG,2024-04-30,18.41
FANG,2024-08-05,19.25
FANG,2024-11-04,17.14
FANG,2025-02-24,16.04
FANG,2025-05-05,16.08
FANG,2025-08-04,14.23
FANG,2025-11-03,13.930000000000001
FANG,2026-02-23,12.030000000000001
FANG,2026-05-04,11.72
FANG,2026-08-03,15.530000000000001
FAST,2021-07-13,0.76
FAST,2021-10-12,0.78
FAST,2022-01-19,0.81
FAST,2022-04-13,0.86
FAST,2022-07-13,0.9
FAST,2022-10-13,0.9400000000000001
FAST,2023-01-19,0.96
FAST,2023-04-13,0.98
FAST,2023-07-13,0.99
FAST,2023-10-12,1.0
FAST,2024-01-18,1.01
FAST,2024-04-11,1.01
FAST,2024-07-12,1.01
FAST,2024-10-11,1.01
FAST,2025-01-17,1.01
FAST,2025-04-11,1.01
FAST,2025-07-14,1.04
FAST,2025-10-13,1.0699999999999998
FAST,2026-01-20,1.1
FAST,2026-04-13,1.14
FAST,2026-07-14,1.18
FCX,2021-07-22,1.96
FCX,2021-10-21,2.56
FCX,2022-01-26,3.13
FCX,2022-04-21,3.69
FCX,2022-07-21,3.5
FCX,2022-10-20,2.8699999999999997
FCX,2023-01-25,2.4299999999999997
FCX,2023-04-21,1.88
FCX,2023-07-20,1.65
FCX,2023-10-19,1.7800000000000002
FCX,2024-01-24,1.5300000000000002
FCX,2024-04-23,1.33
FCX,2024-07-23,1.44
FCX,2024-10-22,1.43
FCX,2025-01-23,1.4700000000000002
FCX,2025-04-24,1.3900000000000001
FCX,2025-07-23,1.4700000000000002
FCX,2025-10-23,1.5900000000000003
FCX,2026-01-22,1.75
FCX,2026-04-23,2.08
FCX,2026-07-23,2.2800000000000002
FDS,2021-06-29,11.2
FDS,2021-09-28,11.200000000000001
FDS,2021-12-21,11.57
FDS,2022-03-24,12.12
FDS,2022-06-23,13.159999999999998
FDS,2022-09-22,13.41
FDS,2022-12-20,14.15
FDS,2023-03-23,14.68
FDS,2023-06-22,14.71
FDS,2023-09-21,14.51
FDS,2023-12-19,14.64
FDS,2024-03-21,15.06
FDS,2024-06-21,15.64
FDS,2024-09-19,16.45
FDS,2024-12-19,16.7
FDS,2025-03-20,16.76
FDS,2025-06-23,16.66
FDS,2025-09-18,16.97
FDS,2025-12-18,17.11
FDS,2026-03-31,17.29
FDS,2026-07-01,17.549999999999997
FDX,2021-06-24,18.18
FDX,2021-09-21,17.68
FDX,2021-12-16,17.68
FDX,2022-03-17,18.8
FDX,2022-06-23,20.66
FDX,2022-09-15,19.73
FDX,2022-12-20,18.080000000000002
FDX,2023-03-16,16.900000000000002
FDX,2023-06-20,14.97
FDX,2023-09-20,16.080000000000002
FDX,2023-12-19,16.89
FDX,2024-03-21,17.34
FDX,2024-06-25,17.810000000000002
FDX,2024-09-19,16.86
FDX,2024-12-19,16.92
FDX,2025-03-20,17.57
FDX,2025-06-24,18.23
FDX,2025-09-18,18.46
FDX,2025-12-18,19.23
FDX,2026-03-19,19.97
FDX,2026-06-23,20.21
FE,2021-07-22,2.44
FE,2021-10-28,2.45
FE,2022-02-10,2.6399999999999997
FE,2022-04-21,2.55
FE,2022-07-26,2.49
FE,2022-10-25,2.43
FE,2023-02-13,2.42
FE,2023-04-27,2.42
FE,2023-08-01,2.3600000000000003
FE,2023-10-26,2.45
FE,2024-02-08,2.5700000000000003
FE,2024-04-25,2.52
FE,2024-07-30,2.61
FE,2024-10-29,2.58
FE,2025-02-26,2.63
FE,2025-04-23,2.7500000000000004
FE,2025-07-30,2.7100000000000004
FE,2025-10-22,2.6900000000000004
FE,2026-02-17,2.5500000000000003
FE,2026-04-28,2.5999999999999996
FE,2026-07-28,2.58
FERG,2022-09-27,9.78
FERG,2022-12-06,10.23
FERG,2023-03-07,10.21
FERG,2023-06-06,9.91
FERG,2023-09-26,9.83
FERG,2023-12-05,9.53
FERG,2024-03-05,9.36
FERG,2024-06-04,9.48
FERG,2024-09-17,9.69
FERG,2024-12-10,9.49
FERG,2025-03-11,9.27
FERG,2025-06-03,9.45
FERG,2026-02-24,8.57
FERG,2026-05-05,8.4
FERG,2026-08-10,10.27
FFIV,2021-07-26,10.28
FFIV,2021-10-26,10.86
FFIV,2022-01-25,11.16
FFIV,2022-04-26,10.79
FFIV,2022-07-25,10.6
FFIV,2022-10-25,10.21
FFIV,2023-01-24,9.79
FFIV,2023-04-19,10.19
FFIV,2023-07-24,10.83
FFIV,2023-10-24,11.71
FFIV,2024-01-29,12.67
FFIV,2024-04-29,13.05
FFIV,2024-07-29,13.2
FFIV,2024-10-28,13.37
FFIV,2025-01-28,13.78
FFIV,2025-04-28,14.29
FFIV,2025-07-30,15.09
FFIV,2025-10-27,15.809999999999999
FFIV,2026-01-27,16.42
FFIV,2026-04-28,16.9
FFIV,2026-07-27,17.47
FICO,2021-08-03,12.43
FICO,2021-11-10,13.1
FICO,2022-01-27,14.06
FICO,2022-04-27,15.68
FICO,2022-08-03,16.77
FICO,2022-11-09,17.25
FICO,2023-01-26,17.81
FICO,2023-04-27,17.91
FICO,2023-08-02,19.1
FICO,2023-11-08,19.71
FICO,2024-01-25,20.26
FICO,2024-04-25,21.619999999999997
FICO,2024-07-31,22.21
FICO,2024-11-06,23.740000000000002
FICO,2025-02-04,24.72
FICO,2025-04-29,26.389999999999997
FICO,2025-07-30,28.71
FICO,2025-11-05,29.909999999999997
FICO,2026-01-28,31.45
FICO,2026-04-28,36.14
FICO,2026-07-29,39.75
FIS,2021-08-03,5.95
FIS,2021-11-04,6.26
FIS,2022-02-15,6.5600000000000005
FIS,2022-05-03,6.73
FIS,2022-08-04,6.85
FIS,2022-11-03,6.859999999999999
FIS,2023-02-13,6.6499999999999995
FIS,2023-04-27,6.47
FIS,2023-08-02,6.29
FIS,2023-11-07,6.2
FIS,2024-02-26,5.43
FIS,2024-05-06,5.24
FIS,2024-08-06,5.050000000000001
FIS,2024-11-04,4.8
FIS,2025-02-11,5.25
FIS,2025-05-06,5.359999999999999
FIS,2025-08-05,5.359999999999999
FIS,2025-11-05,5.47
FIS,2026-02-24,5.76
FIS,2026-05-08,5.91
FIS,2026-08-04,6.03
FISV,2021-07-27,5.04
FISV,2021-10-27,5.31
FISV,2022-02-08,5.58
FISV,2022-04-27,5.8100000000000005
FISV,2022-07-26,6.0
FISV,2022-10-27,6.16
FISV,2023-02-07,6.5
FISV,2023-04-25,6.68
FISV,2023-07-26,6.93
FISV,2023-10-24,7.26
FISV,2024-02-06,7.54
FISV,2024-04-23,7.84
FISV,2024-07-24,8.16
FISV,2024-10-22,8.5
FISV,2025-02-05,8.82
FISV,2025-04-24,9.08
FISV,2025-07-23,9.42
FISV,2025-10-29,9.16
FISV,2026-02-10,8.64
FISV,2026-05-05,8.29
FISV,2026-08-06,7.66
FITB,2021-07-22,3.54
FITB,2021-10-19,3.66
FITB,2022-01-20,3.81
FITB,2022-04-19,3.57
FITB,2022-07-21,3.37
FITB,2022-10-20,3.33
FITB,2023-01-19,3.4400000000000004
FITB,2023-04-20,3.58
FITB,2023-07-20,3.62
FITB,2023-10-19,3.6100000000000003
FITB,2024-01-19,3.29
FITB,2024-04-19,3.16
FITB,2024-07-19,3.1999999999999997
FITB,2024-10-18,3.13
FITB,2025-01-21,3.31
FITB,2025-04-17,3.32
FITB,2025-07-17,3.34
FITB,2025-10-17,3.4
FITB,2026-01-20,3.54
FITB,2026-04-17,2.98
FITB,2026-07-17,2.93
FIX,2021-07-28,3.81
FIX,2021-10-27,3.89
FIX,2022-02-23,3.9400000000000004
FIX,2022-04-27,4.12
FIX,2022-07-27,4.390000000000001
FIX,2022-10-26,4.83
FIX,2023-02-22,5.33
FIX,2023-04-26,5.93
FIX,2023-07-26,6.75
FIX,2023-10-26,7.78
FIX,2024-02-22,8.79
FIX,2024-04-25,9.97
FIX,2024-07-25,11.72
FIX,2024-10-24,13.07
FIX,2025-02-20,14.6
FIX,2025-04-24,16.66
FIX,2025-07-24,19.45
FIX,2025-10-23,23.61
FIX,2026-02-19,28.9
FIX,2026-04-23,34.66
FIX,2026-07-23,40.66
FLEX,2021-07-29,1.8
FLEX,2021-10-27,1.92
FLEX,2022-01-26,1.9300000000000002
FLEX,2022-05-04,1.96
FLEX,2022-07-27,2.04
FLEX,2022-10-26,2.19
FLEX,2023-01-25,2.31
FLEX,2023-05-10,2.36
FLEX,2023-07-26,2.3899999999999997
FLEX,2023-10-25,2.44
FLEX,2024-01-31,2.53
FLEX,2024-05-01,2.5300000000000002
FLEX,2024-07-24,2.4699999999999998
FLEX,2024-10-30,2.4299999999999997
FLEX,2025-01-29,2.4899999999999998
FLEX,2025-05-07,2.65
FLEX,2025-07-24,2.86
FLEX,2025-10-29,3.0100000000000002
FLEX,2026-02-04,3.1100000000000003
FLEX,2026-05-05,3.31
FLEX,2026-07-29,3.59
FOX,2020-05-06,2.14
FOX,2022-02-09,1.54
FOX,2022-05-10,1.55
FOX,2022-08-10,1.81
FOX,2022-11-01,2.89
FOX,2023-02-08,3.2399999999999998
FOX,2023-05-09,3.3699999999999997
FOX,2023-08-08,3.51
FOX,2023-11-02,3.39
FOX,2024-02-07,3.25
FOX,2024-05-08,3.4000000000000004
FOX,2024-08-06,3.4200000000000004
FOX,2024-11-04,3.7800000000000002
FOX,2025-02-04,4.4
FOX,2025-05-12,4.41
FOX,2025-08-05,4.78
FOX,2025-10-30,4.84
FOX,2026-02-04,4.7
FOX,2026-05-11,4.92
FOX,2026-08-06,5.4399999999999995
FOXA,2021-08-04,2.87
FOXA,2021-11-03,2.8
FOXA,2022-02-09,2.77
FOXA,2022-05-10,2.7
FOXA,2022-08-10,2.79
FOXA,2022-11-01,2.8899999999999997
FOXA,2023-02-08,3.2399999999999998
FOXA,2023-05-09,3.3699999999999997
FOXA,2023-08-08,3.5099999999999993
FOXA,2023-11-02,3.3899999999999997
FOXA,2024-02-07,3.2499999999999996
FOXA,2024-05-08,3.4
FOXA,2024-08-06,3.42
FOXA,2024-11-04,3.78
FOXA,2025-02-04,4.4
FOXA,2025-05-12,4.41
FOXA,2025-08-05,4.779999999999999
FOXA,2025-10-30,4.84
FOXA,2026-02-04,4.699999999999999
FOXA,2026-05-11,4.92
FOXA,2026-08-06,5.4399999999999995
FRT,2021-08-04,1.5299999999999998
FRT,2021-11-04,1.81
FRT,2022-02-10,2.09
FRT,2022-05-05,2.35
FRT,2022-08-04,2.5300000000000002
FRT,2022-11-03,2.55
FRT,2023-02-08,2.6500000000000004
FRT,2023-05-04,2.66
FRT,2023-08-02,2.63
FRT,2023-11-02,2.64
FRT,2024-02-12,2.6900000000000004
FRT,2024-05-02,2.71
FRT,2024-08-01,2.68
FRT,2024-10-30,2.71
FRT,2025-02-13,2.78
FRT,2025-05-08,2.84
FRT,2025-08-06,3.9299999999999997
FRT,2025-10-31,3.92
FRT,2026-02-12,4.75
FRT,2026-05-01,5.84
FRT,2026-07-31,5.03
FSLR,2021-07-29,4.12
FSLR,2021-11-04,3.11
FSLR,2022-03-01,3.2600000000000002
FSLR,2022-04-28,2.04
FSLR,2022-07-28,0.8599999999999999
FSLR,2022-10-27,-0.04000000000000009
FSLR,2023-02-28,-1.34
FSLR,2023-04-27,-0.53
FSLR,2023-07-27,1.76
FSLR,2023-10-31,4.720000000000001
FSLR,2024-02-27,8.040000000000001
FSLR,2024-05-01,9.84
FSLR,2024-07-30,11.2
FSLR,2024-10-29,11.61
FSLR,2025-02-25,12.01
FSLR,2025-04-29,11.76
FSLR,2025-07-31,11.690000000000001
FSLR,2025-10-30,13.02
FSLR,2026-02-24,14.21
FSLR,2026-04-30,15.48
FSLR,2026-07-30,16.220000000000002
FTNT,2021-07-29,0.74
FTNT,2021-11-04,0.76
FTNT,2022-02-03,0.8
FTNT,2022-05-04,0.8300000000000001
FTNT,2022-08-03,0.88
FTNT,2022-11-02,1.01
FTNT,2023-02-07,1.2
FTNT,2023-05-04,1.35
FTNT,2023-08-03,1.49
FTNT,2023-11-02,1.5699999999999998
FTNT,2024-02-06,1.6400000000000001
FTNT,2024-05-02,1.73
FTNT,2024-08-06,1.92
FTNT,2024-11-07,2.1399999999999997
FTNT,2025-02-06,2.37
FTNT,2025-05-07,2.5199999999999996
FTNT,2025-08-06,2.59
FTNT,2025-11-05,2.7
FTNT,2026-02-05,2.77
FTNT,2026-05-06,3.0100000000000002
FTNT,2026-07-29,3.27
FTV,2021-07-29,2.9299999999999997
FTV,2021-10-28,2.65
FTV,2022-02-03,2.74
FTV,2022-04-28,2.81
FTV,2022-07-28,2.93
FTV,2022-10-26,3.06
FTV,2023-02-01,3.15
FTV,2023-04-26,3.2
FTV,2023-07-26,3.27
FTV,2023-10-25,3.33
FTV,2024-01-31,3.4299999999999997
FTV,2024-04-24,3.51
FTV,2024-07-24,3.59
FTV,2024-10-30,3.71
FTV,2025-02-07,3.8999999999999995
FTV,2025-05-01,3.92
FTV,2025-07-30,3.57
FTV,2025-10-29,3.28
FTV,2026-02-04,3.0100000000000002
FTV,2026-04-30,2.8600000000000003
FTV,2026-07-29,3.02
GD,2021-07-28,11.48
GD,2021-10-27,11.649999999999999
GD,2022-01-26,11.549999999999999
GD,2022-04-27,11.68
GD,2022-07-27,11.82
GD,2022-10-26,12.009999999999998
GD,2023-01-25,12.2
GD,2023-04-26,12.23
GD,2023-07-26,12.180000000000001
GD,2023-10-25,11.96
GD,2024-01-24,12.02
GD,2024-04-24,12.260000000000002
GD,2024-07-24,12.82
GD,2024-10-23,13.13
GD,2025-01-29,13.64
GD,2025-04-23,14.420000000000002
GD,2025-07-23,14.9
GD,2025-10-24,15.43
GD,2026-01-28,15.45
GD,2026-04-29,15.89
GD,2026-07-29,16.39
GDDY,2021-08-04,2.2199999999999998
GDDY,2021-11-03,2.16
GDDY,2022-02-10,2.27
GDDY,2022-05-04,2.42
GDDY,2022-08-03,2.71
GDDY,2022-11-03,3.04
GDDY,2023-02-14,3.64
GDDY,2023-05-04,3.89
GDDY,2023-08-03,3.87
GDDY,2023-11-02,4.18
GDDY,2024-02-13,11.59
GDDY,2024-05-02,13.979999999999999
GDDY,2024-08-01,14.869999999999997
GDDY,2024-10-30,15.189999999999998
GDDY,2025-02-13,8.019999999999998
GDDY,2025-05-01,6.449999999999999
GDDY,2025-08-07,6.429999999999998
GDDY,2025-10-30,6.619999999999998
GDDY,2026-02-24,7.559999999999998
GDDY,2026-04-30,7.749999999999997
GDDY,2026-07-30,8.169999999999998
GE,2021-07-27,1.76
GE,2021-10-26,1.85
GE,2022-01-25,2.13
GE,2022-04-26,2.13
GE,2022-07-26,2.51
GE,2022-10-25,2.29
GE,2023-01-24,2.6100000000000003
GE,2023-04-25,2.6399999999999997
GE,2023-07-25,2.54
GE,2023-10-24,3.01
GE,2024-01-23,2.8000000000000003
GE,2024-04-23,3.35
GE,2024-07-23,3.87
GE,2024-10-22,4.2
GE,2025-01-23,4.49
GE,2025-04-22,5.16
GE,2025-07-17,5.62
GE,2025-10-21,6.130000000000001
GE,2026-01-22,6.380000000000001
GE,2026-04-21,6.75
GE,2026-07-16,7.11
GEHC,2023-10-31,3.9699999999999998
GEHC,2024-02-06,3.94
GEHC,2024-04-30,3.9899999999999998
GEHC,2024-07-31,4.07
GEHC,2024-10-30,4.22
GEHC,2025-02-13,4.49
GEHC,2025-04-30,4.6
GEHC,2025-07-30,4.66
GEHC,2025-10-29,4.59
GEHC,2026-02-04,4.58
GEHC,2026-04-29,4.5600000000000005
GEHC,2026-07-29,4.63
GEN,2021-07-27,1.56
GEN,2021-11-04,1.6300000000000001
GEN,2022-02-03,1.69
GEN,2022-05-05,1.75
GEN,2022-08-04,1.78
GEN,2022-11-08,1.8
GEN,2023-02-02,1.81
GEN,2023-05-11,1.81
GEN,2023-08-03,1.83
GEN,2023-11-07,1.85
GEN,2024-02-01,1.8900000000000001
GEN,2024-05-09,1.96
GEN,2024-08-01,2.02
GEN,2024-10-30,2.0900000000000003
GEN,2025-01-30,2.16
GEN,2025-05-06,2.22
GEN,2025-08-07,2.33
GEN,2025-11-06,2.41
GEN,2026-02-05,2.4899999999999998
GEN,2026-05-07,2.5700000000000003
GEN,2026-08-06,2.6399999999999997
GEV,2025-01-22,1.5900000000000003
GEV,2025-04-23,2.9100000000000006
GEV,2025-07-23,3.75
GEV,2025-10-22,5.74
GEV,2026-01-28,17.32
GEV,2026-04-22,18.42
GEV,2026-07-22,19.03
GILD,2021-07-29,8.25
GILD,2021-10-28,8.790000000000001
GILD,2022-02-01,7.29
GILD,2022-04-28,7.33
GILD,2022-08-02,7.04
GILD,2022-10-27,6.290000000000001
GILD,2023-02-02,7.27
GILD,2023-04-27,6.52
GILD,2023-08-03,6.28
GILD,2023-11-07,6.670000000000001
GILD,2024-02-06,6.72
GILD,2024-04-25,4.029999999999999
GILD,2024-08-08,4.699999999999999
GILD,2024-11-06,4.43
GILD,2025-02-11,4.609999999999999
GILD,2025-04-24,7.74
GILD,2025-08-07,7.74
GILD,2025-10-30,8.19
GILD,2026-02-10,8.15
GILD,2026-05-07,8.370000000000001
GILD,2026-08-04,-0.3899999999999997
GIS,2021-06-30,3.79
GIS,2021-09-22,3.7800000000000002
GIS,2021-12-21,3.71
GIS,2022-03-23,3.73
GIS,2022-06-29,3.94
GIS,2022-09-21,4.0600000000000005
GIS,2022-12-20,4.17
GIS,2023-03-23,4.300000000000001
GIS,2023-06-28,4.300000000000001
GIS,2023-09-20,4.28
GIS,2023-12-20,4.430000000000001
GIS,2024-03-20,4.63
GIS,2024-06-26,4.52
GIS,2024-09-18,4.5
GIS,2024-12-18,4.65
GIS,2025-03-19,4.48
GIS,2025-06-25,4.21
GIS,2025-09-17,3.9999999999999996
GIS,2025-12-17,3.6999999999999997
GIS,2026-03-18,3.3400000000000003
GIS,2026-07-01,3.55
GL,2021-07-21,6.87
GL,2021-10-20,6.9
GL,2022-02-02,6.859999999999999
GL,2022-04-20,7.03
GL,2022-07-27,7.25
GL,2022-10-26,7.619999999999999
GL,2023-02-01,8.16
GL,2023-05-03,8.99
GL,2023-07-26,9.53
GL,2023-10-25,10.09
GL,2024-02-07,10.649999999999999
GL,2024-04-22,10.899999999999999
GL,2024-07-24,11.26
GL,2024-10-23,12.04
GL,2025-02-05,12.38
GL,2025-04-30,12.670000000000002
GL,2025-07-23,12.97
GL,2025-10-22,14.29
GL,2026-02-04,14.54
GL,2026-04-22,14.899999999999999
GL,2026-07-22,15.24
GLW,2021-07-27,1.93
GLW,2021-10-26,2.06
GLW,2022-01-26,2.08
GLW,2022-04-26,2.17
GLW,2022-07-26,2.21
GLW,2022-10-25,2.16
GLW,2023-01-31,2.09
GLW,2023-04-25,1.96
GLW,2023-07-25,1.84
GLW,2023-10-24,1.78
GLW,2024-01-30,1.7000000000000002
GLW,2024-04-30,1.67
GLW,2024-07-30,1.69
GLW,2024-10-29,1.78
GLW,2025-01-29,1.96
GLW,2025-04-29,2.12
GLW,2025-07-29,2.25
GLW,2025-10-28,2.38
GLW,2026-01-28,2.5300000000000002
GLW,2026-04-28,2.69
GLW,2026-07-28,2.87
GM,2021-08-04,8.98
GM,2021-10-27,7.67
GM,2022-02-01,7.09
GM,2022-04-26,6.93
GM,2022-07-26,6.1
GM,2022-10-25,6.829999999999999
GM,2023-01-31,7.6
GM,2023-04-25,7.72
GM,2023-07-25,8.49
GM,2023-10-24,8.52
GM,2024-01-30,7.64
GM,2024-04-23,8.05
GM,2024-07-23,9.2
GM,2024-10-22,9.88
GM,2025-01-28,10.56
GM,2025-04-29,10.719999999999999
GM,2025-07-22,10.19
GM,2025-10-21,10.03
GM,2026-01-27,10.62
GM,2026-04-28,11.54
GM,2026-07-21,12.58
GNRC,2021-07-28,8.97
GNRC,2021-11-02,9.24
GNRC,2022-02-16,9.629999999999999
GNRC,2022-05-04,9.34
GNRC,2022-08-03,9.94
GNRC,2022-11-02,9.34
GNRC,2023-02-15,8.61
GNRC,2023-05-03,7.15
GNRC,2023-08-02,5.24
GNRC,2023-11-01,5.13
GNRC,2024-02-14,5.42
GNRC,2024-05-01,5.67
GNRC,2024-07-31,5.9399999999999995
GNRC,2024-10-31,6.550000000000001
GNRC,2025-02-12,7.279999999999999
GNRC,2025-04-30,7.66
GNRC,2025-07-30,7.96
GNRC,2025-10-29,7.539999999999999
GNRC,2026-02-11,6.3500000000000005
GNRC,2026-04-29,6.89
GNRC,2026-07-29,8.15
GOOG,2021-07-27,4.61
GOOG,2021-10-26,5.19
GOOG,2022-02-01,5.6
GOOG,2022-04-26,5.52
GOOG,2022-07-26,5.37
GOOG,2022-10-25,5.029999999999999
GOOG,2023-02-02,4.55
GOOG,2023-04-25,4.49
GOOG,2023-07-25,4.72
GOOG,2023-10-24,5.21
GOOG,2024-01-30,5.8
GOOG,2024-04-25,6.52
GOOG,2024-07-23,6.97
GOOG,2024-10-29,7.54
GOOG,2025-02-04,8.05
GOOG,2025-04-24,8.969999999999999
GOOG,2025-07-23,9.39
GOOG,2025-10-29,10.14
GOOG,2026-02-04,10.809999999999999
GOOG,2026-04-29,13.11
GOOG,2026-07-22,19.909999999999997
GOOGL,2021-07-27,4.61
GOOGL,2021-10-26,5.19
GOOGL,2022-02-01,5.6
GOOGL,2022-04-26,5.52
GOOGL,2022-07-26,5.37
GOOGL,2022-10-25,5.029999999999999
GOOGL,2023-02-02,4.55
GOOGL,2023-04-25,4.49
GOOGL,2023-07-25,4.72
GOOGL,2023-10-24,5.21
GOOGL,2024-01-30,5.8
GOOGL,2024-04-25,6.52
GOOGL,2024-07-23,6.97
GOOGL,2024-10-29,7.54
GOOGL,2025-02-04,8.05
GOOGL,2025-04-24,8.969999999999999
GOOGL,2025-07-23,9.39
GOOGL,2025-10-29,10.14
GOOGL,2026-02-04,10.809999999999999
GOOGL,2026-04-29,13.11
GOOGL,2026-07-22,19.909999999999997
GPC,2021-07-22,6.39
GPC,2021-10-21,6.64
GPC,2022-02-17,6.909999999999999
GPC,2022-04-21,7.2700000000000005
GPC,2022-07-27,7.73
GPC,2022-10-20,8.08
GPC,2023-02-23,8.34
GPC,2023-04-20,8.620000000000001
GPC,2023-07-20,8.86
GPC,2023-10-19,9.12
GPC,2024-02-15,9.33
GPC,2024-04-18,9.41
GPC,2024-07-23,9.41
GPC,2024-10-22,8.8
GPC,2025-02-18,8.15
GPC,2025-04-22,7.68
GPC,2025-07-22,7.340000000000001
GPC,2025-10-21,7.440000000000001
GPC,2026-02-17,7.380000000000001
GPC,2026-04-21,7.4
GPC,2026-07-21,7.45
GPN,2021-08-02,7.37
GPN,2021-11-02,7.84
GPN,2022-02-10,8.17
GPN,2022-05-02,8.42
GPN,2022-08-01,8.74
GPN,2022-10-31,9.04
GPN,2023-02-10,9.329999999999998
GPN,2023-05-01,9.66
GPN,2023-08-01,9.92
GPN,2023-10-31,10.19
GPN,2024-02-14,10.42
GPN,2024-05-01,10.61
GPN,2024-08-07,10.92
GPN,2024-10-30,11.25
GPN,2025-02-13,11.55
GPN,2025-05-06,11.65
GPN,2025-08-06,11.82
GPN,2025-11-04,12.0
GPN,2026-02-18,12.23
GPN,2026-05-06,12.5
GPN,2026-08-05,12.86
GRMN,2021-07-28,6.17
GRMN,2021-10-27,6.0
GRMN,2022-02-16,5.819999999999999
GRMN,2022-04-27,5.75
GRMN,2022-07-27,5.51
GRMN,2022-10-26,5.34
GRMN,2023-02-22,5.140000000000001
GRMN,2023-05-03,5.05
GRMN,2023-08-02,5.0600000000000005
GRMN,2023-11-01,5.23
GRMN,2024-02-21,5.6
GRMN,2024-05-01,6.0
GRMN,2024-07-31,6.13
GRMN,2024-10-30,6.71
GRMN,2025-02-19,7.4
GRMN,2025-04-30,7.590000000000001
GRMN,2025-07-30,8.18
GRMN,2025-10-29,8.18
GRMN,2026-02-18,8.56
GRMN,2026-04-29,9.030000000000001
GRMN,2026-07-29,9.67
GS,2021-07-13,55.85
GS,2021-10-15,61.1
GS,2022-01-18,59.36
GS,2022-04-14,51.52
GS,2022-07-18,44.230000000000004
GS,2022-10-18,37.55
GS,2023-01-17,30.06
GS,2023-04-18,28.09
GS,2023-07-19,23.439999999999998
GS,2023-10-17,20.66
GS,2024-01-16,22.82
GS,2024-04-15,25.61
GS,2024-07-15,30.94
GS,2024-10-15,34.489999999999995
GS,2025-01-15,39.98
GS,2025-04-14,42.519999999999996
GS,2025-07-16,45.02
GS,2025-10-14,48.25
GS,2026-01-15,51.29
GS,2026-04-13,54.720000000000006
GS,2026-07-14,64.79
GWW,2021-07-30,16.93
GWW,2021-10-29,18.060000000000002
GWW,2022-02-03,19.84
GWW,2022-04-28,22.43
GWW,2022-07-29,25.35
GWW,2022-10-28,27.970000000000002
GWW,2023-02-02,29.67
GWW,2023-04-27,32.21
GWW,2023-07-27,34.3
GWW,2023-10-26,35.46
GWW,2024-02-02,36.65
GWW,2024-04-25,36.66
GWW,2024-08-01,37.14
GWW,2024-10-31,37.58
GWW,2025-01-31,38.96
GWW,2025-05-01,39.2
GWW,2025-08-01,39.41
GWW,2025-10-31,39.75
GWW,2026-02-03,39.480000000000004
GWW,2026-05-07,41.27
GWW,2026-08-04,43.31
HAL,2021-07-20,0.74
HAL,2021-10-19,0.91
HAL,2022-01-24,1.0899999999999999
HAL,2022-04-19,1.25
HAL,2022-07-19,1.48
HAL,2022-10-25,1.7999999999999998
HAL,2023-01-24,2.16
HAL,2023-04-25,2.53
HAL,2023-07-19,2.81
HAL,2023-10-24,3.0
HAL,2024-01-23,3.1399999999999997
HAL,2024-04-23,3.18
HAL,2024-07-19,3.21
HAL,2024-11-07,3.1500000000000004
HAL,2025-01-22,2.9899999999999998
HAL,2025-04-22,2.83
HAL,2025-07-22,2.58
HAL,2025-10-21,2.4299999999999997
HAL,2026-01-21,2.42
HAL,2026-04-21,2.37
HAL,2026-07-21,2.37
HAS,2021-07-26,5.2
HAS,2021-10-26,5.28
HAS,2022-02-07,5.22
HAS,2022-04-19,4.79
HAS,2022-07-19,4.89
HAS,2022-10-18,4.35
HAS,2023-02-16,4.449999999999999
HAS,2023-04-27,3.8899999999999997
HAS,2023-08-03,3.23
HAS,2023-10-26,3.45
HAS,2024-02-13,2.52
HAS,2024-04-24,3.12
HAS,2024-07-25,3.8499999999999996
HAS,2024-10-24,3.9400000000000004
HAS,2025-02-20,4.02
HAS,2025-04-24,4.45
HAS,2025-07-23,4.53
HAS,2025-10-23,4.4799999999999995
HAS,2026-02-10,5.529999999999999
HAS,2026-05-13,5.96
HAS,2026-07-21,5.9399999999999995
HBAN,2021-07-29,0.97
HBAN,2021-10-28,0.9199999999999999
HBAN,2022-01-21,1.01
HBAN,2022-04-21,0.82
HBAN,2022-07-21,1.23
HBAN,2022-10-21,1.4
HBAN,2023-01-20,1.46
HBAN,2023-04-20,1.5599999999999998
HBAN,2023-07-21,1.55
HBAN,2023-10-20,1.52
HBAN,2024-01-19,1.25
HBAN,2024-04-19,1.12
HBAN,2024-07-19,1.0699999999999998
HBAN,2024-10-17,1.04
HBAN,2025-01-17,1.22
HBAN,2025-04-17,1.3
HBAN,2025-07-18,1.35
HBAN,2025-10-17,1.42
HBAN,2026-01-22,1.46
HBAN,2026-04-23,1.49
HBAN,2026-07-23,1.5300000000000002
HCA,2021-07-20,14.559999999999999
HCA,2021-10-22,17.21
HCA,2022-01-27,17.5
HCA,2022-04-22,17.48
HCA,2022-07-22,17.32
HCA,2022-10-21,16.68
HCA,2023-01-27,16.9
HCA,2023-04-21,17.71
HCA,2023-07-27,17.79
HCA,2023-10-24,17.77
HCA,2024-01-30,19.03
HCA,2024-04-26,19.46
HCA,2024-07-23,20.67
HCA,2024-10-25,21.660000000000004
HCA,2025-01-24,21.98
HCA,2025-04-25,23.07
HCA,2025-07-25,24.41
HCA,2025-10-24,26.47
HCA,2026-01-27,28.259999999999998
HCA,2026-04-24,28.96
HCA,2026-07-24,29.71
HD,2021-05-18,13.8
HD,2021-08-17,14.31
HD,2021-11-16,15.05
HD,2022-02-22,15.52
HD,2022-05-17,15.75
HD,2022-08-16,16.27
HD,2022-11-15,16.59
HD,2023-02-21,16.68
HD,2023-05-16,16.41
HD,2023-08-15,16.009999999999998
HD,2023-11-14,15.58
HD,2024-02-20,15.100000000000001
HD,2024-05-14,14.91
HD,2024-08-13,14.86
HD,2024-11-12,14.719999999999999
HD,2025-02-25,14.919999999999998
HD,2025-05-20,14.85
HD,2025-08-19,14.93
HD,2025-11-18,15.0
HD,2026-02-24,14.700000000000001
HD,2026-05-19,14.57
HIG,2021-07-28,6.11
HIG,2021-10-28,5.91
HIG,2022-02-03,6.170000000000001
HIG,2022-04-28,7.2700000000000005
HIG,2022-07-28,7.09
HIG,2022-10-27,7.27
HIG,2023-02-02,7.56
HIG,2023-04-27,7.579999999999999
HIG,2023-07-27,7.31
HIG,2023-10-26,8.16
HIG,2024-02-01,8.91
HIG,2024-04-25,9.57
HIG,2024-07-25,10.19
HIG,2024-10-24,10.43
HIG,2025-01-30,10.309999999999999
HIG,2025-04-24,10.17
HIG,2025-07-28,11.08
HIG,2025-10-27,12.32
HIG,2026-01-29,13.440000000000001
HIG,2026-04-23,14.329999999999998
HIG,2026-07-23,14.34
HII,2021-08-05,18.48
HII,2021-11-04,16.68
HII,2022-02-10,13.37
HII,2022-05-05,13.19
HII,2022-08-04,14.43
HII,2022-11-03,14.22
HII,2023-02-09,14.45
HII,2023-05-04,14.18
HII,2023-08-03,13.009999999999998
HII,2023-11-02,13.27
HII,2024-02-01,17.1
HII,2024-05-02,17.740000000000002
HII,2024-08-01,18.85
HII,2024-10-31,17.71
HII,2025-02-06,13.96
HII,2025-05-01,13.879999999999999
HII,2025-07-31,13.36
HII,2025-10-30,14.48
HII,2026-02-05,15.370000000000001
HII,2026-05-05,15.370000000000001
HII,2026-07-30,16.78
HLT,2021-07-29,0.54
HLT,2021-10-27,1.26
HLT,2022-02-16,2.08
HLT,2022-05-03,2.77
HLT,2022-07-27,3.5
HLT,2022-10-26,4.029999999999999
HLT,2023-02-09,4.9
HLT,2023-04-26,5.43
HLT,2023-07-26,5.77
HLT,2023-10-25,6.129999999999999
HLT,2024-02-07,6.22
HLT,2024-04-24,6.51
HLT,2024-08-07,6.789999999999999
HLT,2024-10-23,7.039999999999999
HLT,2025-02-06,7.119999999999999
HLT,2025-04-29,7.3100000000000005
HLT,2025-07-23,7.6000000000000005
HLT,2025-10-22,7.790000000000001
HLT,2026-02-11,8.110000000000001
HLT,2026-04-28,8.4
HLT,2026-07-28,8.49
HON,2021-07-23,15.14
HON,2021-10-22,16.06
HON,2022-02-03,16.1
HON,2022-04-29,16.08
HON,2022-07-28,16.240000000000002
HON,2022-10-27,16.7
HON,2023-02-02,17.56
HON,2023-04-27,17.88
HON,2023-07-27,18.14
HON,2023-10-26,18.18
HON,2024-02-01,18.34
HON,2024-04-25,18.7
HON,2024-07-25,19.22
HON,2024-10-24,19.84
HON,2025-02-06,19.580000000000002
HON,2025-04-29,20.1
HON,2025-07-24,20.62
HON,2025-10-23,21.1
HON,2026-01-29,21.34
HON,2026-04-23,21.22
HON,2026-07-23,17.669999999999998
HOOD,2022-04-28,-0.8300000000000001
HOOD,2022-08-02,-1.3199999999999998
HOOD,2022-11-02,-1.4500000000000002
HOOD,2023-02-08,-1.09
HOOD,2023-05-10,-0.54
HOOD,2023-08-02,-0.08000000000000002
HOOD,2023-11-07,0.22999999999999998
HOOD,2024-02-13,0.49
HOOD,2024-05-08,0.5700000000000001
HOOD,2024-08-07,0.72
HOOD,2024-10-30,0.87
HOOD,2025-02-12,1.78
HOOD,2025-04-30,2.04
HOOD,2025-07-30,2.16
HOOD,2025-11-05,2.51
HOOD,2026-02-10,2.2
HOOD,2026-04-28,2.23
HOOD,2026-07-29,2.43
HPE,2021-06-01,1.67
HPE,2021-09-02,1.8199999999999998
HPE,2021-11-30,1.97
HPE,2022-03-01,1.98
HPE,2022-06-01,1.96
HPE,2022-08-30,1.97
HPE,2022-11-29,2.02
HPE,2023-03-02,2.12
HPE,2023-05-30,2.2
HPE,2023-08-29,2.21
HPE,2023-11-28,2.16
HPE,2024-02-29,2.0100000000000002
HPE,2024-06-04,1.9100000000000001
HPE,2024-09-04,1.92
HPE,2024-12-05,1.9799999999999998
HPE,2025-03-06,1.99
HPE,2025-06-03,1.9499999999999997
HPE,2025-09-03,1.89
HPE,2025-12-04,1.93
HPE,2026-03-09,2.09
HPE,2026-06-01,2.5
HPQ,2021-05-27,2.96
HPQ,2021-08-26,3.4699999999999998
HPQ,2021-11-23,3.79
HPQ,2022-02-28,3.97
HPQ,2022-05-31,4.12
HPQ,2022-08-30,4.16
HPQ,2022-11-22,4.07
HPQ,2023-02-28,3.72
HPQ,2023-05-30,3.44
HPQ,2023-08-29,3.26
HPQ,2023-11-21,3.31
HPQ,2024-02-28,3.37
HPQ,2024-05-29,3.39
HPQ,2024-08-28,3.3600000000000003
HPQ,2024-11-26,3.3899999999999997
HPQ,2025-02-27,3.32
HPQ,2025-05-28,3.21
HPQ,2025-08-27,3.13
HPQ,2025-11-25,3.1300000000000003
HPQ,2026-02-24,3.2
HPQ,2026-05-27,3.35
HRL,2021-05-20,1.63
HRL,2021-09-02,1.65
HRL,2021-12-09,1.73
HRL,2022-03-01,1.76
HRL,2022-06-02,1.82
HRL,2022-09-01,1.83
HRL,2022-11-30,1.83
HRL,2023-03-02,1.79
HRL,2023-06-01,1.7100000000000002
HRL,2023-08-31,1.71
HRL,2023-11-29,1.62
HRL,2024-02-29,1.6300000000000001
HRL,2024-05-30,1.6099999999999999
HRL,2024-09-04,1.58
HRL,2024-12-04,1.5799999999999998
HRL,2025-02-27,1.52
HRL,2025-05-29,1.49
HRL,2025-08-28,1.47
HRL,2025-12-04,1.37
HRL,2026-02-26,1.3599999999999999
HRL,2026-05-28,1.4100000000000001
HSIC,2021-08-03,4.38
HSIC,2021-11-02,4.45
HSIC,2022-02-15,4.52
HSIC,2022-05-03,4.58
HSIC,2022-08-02,4.63
HSIC,2022-11-01,4.68
HSIC,2023-02-16,4.96
HSIC,2023-05-09,4.87
HSIC,2023-08-07,5.02
HSIC,2023-11-13,5.19
HSIC,2024-02-27,4.5
HSIC,2024-05-07,4.390000000000001
HSIC,2024-08-06,4.3100000000000005
HSIC,2024-11-05,4.21
HSIC,2025-02-25,4.74
HSIC,2025-05-05,4.79
HSIC,2025-08-05,4.66
HSIC,2025-11-04,4.82
HSIC,2026-02-24,4.97
HSIC,2026-05-05,5.140000000000001
HSIC,2026-08-04,5.31
HST,2021-08-03,-0.8200000000000001
HST,2021-11-03,-0.43
HST,2022-02-16,0.09000000000000002
HST,2022-05-04,0.4700000000000001
HST,2022-08-03,0.92
HST,2022-11-02,1.1300000000000001
HST,2023-02-15,0.88
HST,2023-05-03,1.12
HST,2023-08-02,1.05
HST,2023-11-01,1.05
HST,2024-02-21,1.04
HST,2024-05-01,1.02
HST,2024-07-31,1.07
HST,2024-11-06,1.03
HST,2025-02-19,0.99
HST,2025-04-30,0.96
HST,2025-07-30,0.94
HST,2025-11-05,1.05
HST,2026-02-17,1.1
HST,2026-05-06,1.47
HST,2026-08-05,1.5
HSY,2021-07-29,6.74
HSY,2021-10-28,6.9799999999999995
HSY,2022-02-03,7.18
HSY,2022-04-28,7.79
HSY,2022-07-28,8.12
HSY,2022-11-04,8.19
HSY,2023-02-02,8.52
HSY,2023-04-27,8.95
HSY,2023-07-27,9.16
HSY,2023-10-26,9.59
HSY,2024-02-08,9.59
HSY,2024-05-03,9.7
HSY,2024-08-01,8.959999999999999
HSY,2024-11-07,8.7
HSY,2025-02-06,9.370000000000001
HSY,2025-05-01,8.39
HSY,2025-07-30,8.33
HSY,2025-10-30,7.29
HSY,2026-02-05,6.31
HSY,2026-04-30,6.57
HSY,2026-07-30,7.26
HUBB,2021-07-27,8.14
HUBB,2021-10-26,8.08
HUBB,2022-02-03,8.39
HUBB,2022-04-26,8.79
HUBB,2022-07-26,9.24
HUBB,2022-10-25,10.08
HUBB,2023-01-31,10.61
HUBB,2023-04-25,12.100000000000001
HUBB,2023-07-25,13.36
HUBB,2023-10-31,14.23
HUBB,2024-01-30,15.32
HUBB,2024-05-01,15.310000000000002
HUBB,2024-07-30,15.610000000000001
HUBB,2024-10-29,16.15
HUBB,2025-02-04,16.560000000000002
HUBB,2025-05-01,16.34
HUBB,2025-07-29,16.9
HUBB,2025-10-28,17.58
HUBB,2026-02-03,18.21
HUBB,2026-04-30,18.76
HUBB,2026-07-28,19.35
HUM,2021-07-28,15.34
HUM,2021-11-03,17.09
HUM,2022-02-02,20.63
HUM,2022-04-27,21.0
HUM,2022-07-27,22.78
HUM,2022-11-02,24.830000000000002
HUM,2023-02-01,25.21
HUM,2023-04-26,26.55
HUM,2023-08-02,26.82
HUM,2023-11-01,27.72
HUM,2024-01-25,25.990000000000002
HUM,2024-04-24,23.84
HUM,2024-07-31,21.86
HUM,2024-10-30,18.24
HUM,2025-02-11,16.189999999999998
HUM,2025-04-30,20.54
HUM,2025-07-29,19.85
HUM,2025-11-05,18.93
HUM,2026-02-11,17.13
HUM,2026-04-29,15.860000000000003
HUM,2026-07-29,17.200000000000003
HWM,2021-08-04,0.6799999999999999
HWM,2021-11-04,0.9199999999999999
HWM,2022-02-02,1.01
HWM,2022-05-03,1.1
HWM,2022-08-04,1.23
HWM,2022-10-31,1.32
HWM,2023-02-14,1.4
HWM,2023-05-02,1.5099999999999998
HWM,2023-08-01,1.6
HWM,2023-11-02,1.7
HWM,2024-02-13,1.85
HWM,2024-05-02,2.0
HWM,2024-07-30,2.23
HWM,2024-11-06,2.48
HWM,2025-02-13,2.69
HWM,2025-05-01,2.98
HWM,2025-07-31,3.2199999999999998
HWM,2025-10-30,3.46
HWM,2026-02-12,3.77
HWM,2026-05-07,4.13
HWM,2026-08-06,4.55
IBKR,2021-07-20,0.76
IBKR,2021-10-19,0.8300000000000001
IBKR,2022-01-18,0.87
IBKR,2022-04-19,0.83
IBKR,2022-07-19,0.83
IBKR,2022-10-18,0.8999999999999999
IBKR,2023-01-17,1.02
IBKR,2023-04-18,1.15
IBKR,2023-07-18,1.27
IBKR,2023-10-17,1.3900000000000001
IBKR,2024-01-16,1.44
IBKR,2024-04-16,1.5100000000000002
IBKR,2024-07-16,1.62
IBKR,2024-10-15,1.67
IBKR,2025-01-21,1.8
IBKR,2025-04-15,1.86
IBKR,2025-07-17,1.93
IBKR,2025-10-16,2.06
IBKR,2026-01-20,2.2
IBKR,2026-04-21,2.33
IBKR,2026-07-21,2.51
IBM,2021-07-19,8.75
IBM,2021-10-20,8.69
IBM,2022-01-24,9.969999999999999
IBM,2022-04-19,9.6
IBM,2022-07-18,9.58
IBM,2022-10-19,8.870000000000001
IBM,2023-01-25,9.120000000000001
IBM,2023-04-19,9.08
IBM,2023-07-19,8.95
IBM,2023-10-25,9.34
IBM,2024-01-24,9.61
IBM,2024-04-24,9.930000000000001
IBM,2024-07-24,10.18
IBM,2024-10-23,10.280000000000001
IBM,2025-01-29,10.33
IBM,2025-04-23,10.25
IBM,2025-07-23,10.62
IBM,2025-10-22,10.97
IBM,2026-01-28,11.57
IBM,2026-04-22,11.879999999999999
IBM,2026-07-22,12.009999999999998
ICE,2021-07-29,4.66
ICE,2021-10-28,4.93
ICE,2022-02-03,5.14
ICE,2022-05-05,5.23
ICE,2022-08-04,5.39
ICE,2022-11-03,5.4
ICE,2023-02-02,5.3100000000000005
ICE,2023-05-04,5.29
ICE,2023-08-03,5.3999999999999995
ICE,2023-11-02,5.55
ICE,2024-02-08,5.63
ICE,2024-05-02,5.7
ICE,2024-08-01,5.79
ICE,2024-10-31,5.880000000000001
ICE,2025-02-06,6.07
ICE,2025-05-01,6.31
ICE,2025-07-31,6.6000000000000005
ICE,2025-10-30,6.760000000000001
ICE,2026-02-05,6.95
ICE,2026-04-30,7.58
ICE,2026-07-30,7.67
IDXX,2021-07-30,8.14
IDXX,2021-11-02,8.48
IDXX,2022-02-02,8.61
IDXX,2022-05-04,8.53
IDXX,2022-08-02,7.75
IDXX,2022-11-01,7.87
IDXX,2023-02-06,8.03
IDXX,2023-05-02,8.309999999999999
IDXX,2023-08-01,9.419999999999998
IDXX,2023-11-01,9.799999999999999
IDXX,2024-02-05,10.07
IDXX,2024-05-01,10.33
IDXX,2024-08-06,10.68
IDXX,2024-10-31,10.95
IDXX,2025-02-03,11.25
IDXX,2025-05-01,11.399999999999999
IDXX,2025-08-04,12.01
IDXX,2025-11-03,12.610000000000001
IDXX,2026-02-02,13.07
IDXX,2026-05-05,13.579999999999998
IDXX,2026-08-04,14.219999999999999
IEX,2021-07-27,5.890000000000001
IEX,2021-10-26,6.119999999999999
IEX,2022-02-01,6.300000000000001
IEX,2022-04-26,6.75
IEX,2022-07-26,7.16
IEX,2022-10-25,7.67
IEX,2023-01-31,8.129999999999999
IEX,2023-04-26,8.26
IEX,2023-07-26,8.42
IEX,2023-10-25,8.399999999999999
IEX,2024-02-07,8.219999999999999
IEX,2024-04-23,8.01
IEX,2024-07-31,7.890000000000001
IEX,2024-10-29,7.67
IEX,2025-02-04,7.88
IEX,2025-05-01,7.75
IEX,2025-07-30,7.76
IEX,2025-10-29,7.89
IEX,2026-02-04,7.949999999999999
IEX,2026-04-29,8.2
IEX,2026-07-29,8.45
IFF,2021-08-05,5.82
IFF,2021-11-08,5.89
IFF,2022-02-09,5.67
IFF,2022-05-09,5.76
IFF,2022-08-08,5.8
IFF,2022-11-07,5.69
IFF,2023-02-08,5.56
IFF,2023-05-08,4.74
IFF,2023-08-07,4.0600000000000005
IFF,2023-11-06,3.59
IFF,2024-02-20,3.34
IFF,2024-05-06,3.5999999999999996
IFF,2024-08-06,3.8999999999999995
IFF,2024-11-05,4.05
IFF,2025-02-18,4.3
IFF,2025-05-06,4.37
IFF,2025-08-05,4.359999999999999
IFF,2025-11-04,4.369999999999999
IFF,2026-02-11,4.2
IFF,2026-05-05,4.25
IFF,2026-08-04,3.9200000000000004
INCY,2021-08-03,2.63
INCY,2021-11-02,3.58
INCY,2022-02-08,2.75
INCY,2022-05-03,2.63
INCY,2022-08-02,2.84
INCY,2022-11-01,2.2600000000000002
INCY,2023-02-07,2.7800000000000002
INCY,2023-05-02,2.6
INCY,2023-08-01,2.58
INCY,2023-10-31,3.08
INCY,2024-02-13,3.52
INCY,2024-04-30,3.7900000000000005
INCY,2024-07-30,0.98
INCY,2024-10-29,0.95
INCY,2025-02-10,1.3199999999999998
INCY,2025-04-29,1.8399999999999999
INCY,2025-07-29,5.23
INCY,2025-10-28,6.42
INCY,2026-02-10,6.79
INCY,2026-04-28,7.4399999999999995
INCY,2026-07-28,8.959999999999999
INTC,2021-07-22,5.3
INTC,2021-10-21,5.8999999999999995
INTC,2022-01-26,5.470000000000001
INTC,2022-04-28,4.949999999999999
INTC,2022-07-28,3.9600000000000004
INTC,2022-10-27,2.84
INTC,2023-01-26,1.85
INTC,2023-04-27,0.9400000000000001
INTC,2023-07-27,0.78
INTC,2023-10-26,0.6
INTC,2024-01-25,1.04
INTC,2024-04-25,1.26
INTC,2024-08-01,1.15
INTC,2024-10-31,0.28
INTC,2025-01-30,-0.13
INTC,2025-04-24,-0.18
INTC,2025-07-24,-0.3
INTC,2025-10-23,0.39
INTC,2026-01-22,0.41000000000000003
INTC,2026-04-23,0.5700000000000001
INTC,2026-07-23,1.0899999999999999
INTU,2021-05-25,9.5
INTU,2021-08-24,9.66
INTU,2021-11-18,10.25
INTU,2022-02-24,11.120000000000001
INTU,2022-05-24,12.7
INTU,2022-08-23,11.83
INTU,2022-11-29,11.96
INTU,2023-02-23,12.61
INTU,2023-05-23,13.879999999999999
INTU,2023-08-23,14.430000000000001
INTU,2023-11-28,15.240000000000002
INTU,2024-02-22,15.670000000000002
INTU,2024-05-23,16.630000000000003
INTU,2024-08-22,16.97
INTU,2024-11-21,17.0
INTU,2025-02-25,17.69
INTU,2025-05-22,19.46
INTU,2025-08-21,20.220000000000002
INTU,2025-11-20,21.06
INTU,2026-02-26,21.89
INTU,2026-05-20,23.04
INTU,2026-08-25,24.32
INVH,2021-07-28,0.26
INVH,2021-10-27,0.32
INVH,2022-02-15,0.39
INVH,2022-04-27,0.44
INVH,2022-07-27,0.53
INVH,2022-10-26,0.56
INVH,2023-02-15,0.5800000000000001
INVH,2023-05-01,0.65
INVH,2023-07-26,0.62
INVH,2023-10-25,0.62
INVH,2024-02-13,0.61
INVH,2024-04-30,0.5700000000000001
INVH,2024-07-24,0.6
INVH,2024-10-30,0.58
INVH,2025-02-26,0.59
INVH,2025-04-30,0.6
INVH,2025-07-30,0.5800000000000001
INVH,2025-10-29,0.62
INVH,2026-02-18,0.63
INVH,2026-04-29,0.59
INVH,2026-07-29,0.58
IP,2021-07-29,3.2800000000000002
IP,2021-10-27,3.92
IP,2022-01-27,3.95
IP,2022-04-28,3.95
IP,2022-07-28,4.13
IP,2022-10-27,3.79
IP,2023-01-31,3.88
IP,2023-04-27,3.6500000000000004
IP,2023-07-27,3.0
IP,2023-10-26,2.63
IP,2024-02-01,2.17
IP,2024-04-25,1.81
IP,2024-07-24,1.77
IP,2024-10-31,1.5699999999999998
IP,2025-01-30,1.14
IP,2025-04-30,1.2000000000000002
IP,2025-07-31,0.8500000000000001
IP,2025-10-30,-0.019999999999999962
IP,2026-01-29,-0.07999999999999996
IP,2026-04-30,-0.15999999999999995
IP,2026-07-30,-0.32
IQV,2021-07-27,8.05
IQV,2021-10-21,8.59
IQV,2022-02-15,9.030000000000001
IQV,2022-04-27,9.32
IQV,2022-07-21,9.629999999999999
IQV,2022-10-26,9.94
IQV,2023-02-10,10.17
IQV,2023-04-27,10.149999999999999
IQV,2023-08-01,10.14
IQV,2023-11-01,10.15
IQV,2024-02-14,10.21
IQV,2024-05-02,10.3
IQV,2024-07-22,10.510000000000002
IQV,2024-10-31,10.86
IQV,2025-02-06,11.14
IQV,2025-05-06,11.3
IQV,2025-07-22,11.469999999999999
IQV,2025-10-28,11.629999999999999
IQV,2026-02-05,11.93
IQV,2026-05-05,12.13
IQV,2026-07-28,12.47
IR,2021-07-28,1.84
IR,2021-11-03,2.01
IR,2022-02-23,2.16
IR,2022-05-04,2.2
IR,2022-08-03,2.2800000000000002
IR,2022-11-02,2.33
IR,2023-02-21,2.37
IR,2023-05-03,2.5300000000000002
IR,2023-08-02,2.67
IR,2023-11-01,2.82
IR,2024-02-15,2.96
IR,2024-05-02,3.09
IR,2024-07-31,3.24
IR,2024-10-31,3.31
IR,2025-02-13,3.29
IR,2025-05-01,3.23
IR,2025-07-31,3.1999999999999997
IR,2025-10-30,3.2199999999999998
IR,2026-02-12,3.34
IR,2026-04-28,3.3899999999999997
IR,2026-07-30,3.45
IRM,2021-08-05,1.3
IRM,2021-11-04,1.39
IRM,2022-02-24,1.5300000000000002
IRM,2022-04-28,1.59
IRM,2022-08-04,1.67
IRM,2022-11-03,1.75
IRM,2023-02-23,1.75
IRM,2023-05-04,1.79
IRM,2023-08-03,1.73
IRM,2023-11-02,1.7000000000000002
IRM,2024-02-22,1.79
IRM,2024-05-02,1.8
IRM,2024-08-01,1.82
IRM,2024-11-06,1.81
IRM,2025-02-13,1.79
IRM,2025-05-01,1.7899999999999998
IRM,2025-08-06,1.8499999999999999
IRM,2025-11-05,1.95
IRM,2026-02-12,2.06
IRM,2026-04-30,2.23
IRM,2026-08-05,2.35
ISRG,2021-07-20,4.59
ISRG,2021-10-19,4.859999999999999
ISRG,2022-01-20,4.97
ISRG,2022-04-21,4.93
ISRG,2022-07-21,4.76
ISRG,2022-10-18,4.76
ISRG,2023-01-24,4.6899999999999995
ISRG,2023-04-18,4.79
ISRG,2023-07-20,5.07
ISRG,2023-10-19,5.34
ISRG,2024-01-23,5.709999999999999
ISRG,2024-04-18,5.98
ISRG,2024-07-18,6.34
ISRG,2024-10-17,6.720000000000001
ISRG,2025-01-23,7.33
ISRG,2025-04-22,7.640000000000001
ISRG,2025-07-22,8.05
ISRG,2025-10-21,8.61
ISRG,2026-01-22,8.93
ISRG,2026-04-21,9.62
ISRG,2026-07-16,10.23
IT,2021-08-03,6.74
IT,2021-11-02,7.859999999999999
IT,2022-02-08,9.26
IT,2022-05-03,9.59
IT,2022-08-02,10.2
IT,2022-11-01,10.580000000000002
IT,2023-02-07,11.290000000000001
IT,2023-05-02,11.84
IT,2023-08-01,11.84
IT,2023-11-03,11.989999999999998
IT,2024-02-06,11.33
IT,2024-04-30,11.379999999999999
IT,2024-07-30,11.75
IT,2024-11-05,11.690000000000001
IT,2025-02-04,14.100000000000001
IT,2025-05-06,14.15
IT,2025-08-05,14.46
IT,2025-11-04,14.719999999999999
IT,2026-02-03,13.21
IT,2026-05-05,13.55
IT,2026-08-04,14.389999999999999
ITW,2021-07-30,8.41
ITW,2021-10-28,8.6
ITW,2022-02-03,8.51
ITW,2022-05-03,8.51
ITW,2022-08-02,8.43
ITW,2022-10-25,8.76
ITW,2023-02-02,9.78
ITW,2023-05-02,10.0
ITW,2023-08-01,10.040000000000001
ITW,2023-10-24,10.24
ITW,2024-02-01,9.709999999999999
ITW,2024-04-30,10.11
ITW,2024-07-30,10.239999999999998
ITW,2024-10-30,10.34
ITW,2025-02-05,10.46
ITW,2025-04-30,10.11
ITW,2025-07-30,10.15
ITW,2025-10-24,10.309999999999999
ITW,2026-02-03,10.49
ITW,2026-04-30,10.77
ITW,2026-07-28,11.03
IVZ,2021-07-27,2.71
IVZ,2021-10-26,2.9499999999999997
IVZ,2022-01-25,3.09
IVZ,2022-04-26,2.9699999999999998
IVZ,2022-07-27,2.58
IVZ,2022-10-25,2.1500000000000004
IVZ,2023-01-24,1.6800000000000002
IVZ,2023-04-25,1.5
IVZ,2023-07-25,1.42
IVZ,2023-10-24,1.4300000000000002
IVZ,2024-01-23,1.5099999999999998
IVZ,2024-04-23,1.46
IVZ,2024-07-23,1.58
IVZ,2024-10-22,1.67
IVZ,2025-01-28,1.7200000000000002
IVZ,2025-04-22,1.83
IVZ,2025-07-22,1.76
IVZ,2025-10-28,1.93
IVZ,2026-01-27,2.03
IVZ,2026-04-28,2.16
IVZ,2026-07-28,2.51
J,2021-08-03,6.34
J,2021-11-23,6.29
J,2022-02-08,6.4399999999999995
J,2022-05-03,6.5
J,2022-08-01,6.72
J,2022-11-21,6.9399999999999995
J,2023-02-07,7.050000000000001
J,2023-05-09,7.14
J,2023-08-08,7.1000000000000005
J,2023-11-21,7.2
J,2024-02-06,7.55
J,2024-05-07,7.65
J,2024-08-06,7.79
J,2024-11-19,7.260000000000001
J,2025-02-04,6.57
J,2025-05-06,6.09
J,2025-08-05,5.75
J,2025-11-20,6.13
J,2026-02-03,6.33
J,2026-05-05,6.65
J,2026-08-04,6.87
JBHT,2021-10-15,6.3
JBHT,2022-01-18,7.14
JBHT,2022-04-18,8.059999999999999
JBHT,2022-07-19,8.870000000000001
JBHT,2022-10-18,9.56
JBHT,2023-01-18,9.2
JBHT,2023-04-17,8.799999999999999
JBHT,2023-07-18,8.19
JBHT,2023-10-17,7.42
JBHT,2024-01-18,6.97
JBHT,2024-04-16,6.3
JBHT,2024-07-16,5.8100000000000005
JBHT,2024-10-15,5.5
JBHT,2025-01-16,5.56
JBHT,2025-04-15,5.51
JBHT,2025-07-15,5.5
JBHT,2025-10-15,5.77
JBHT,2026-01-15,6.140000000000001
JBHT,2026-04-15,6.46
JBHT,2026-07-15,7.06
JBL,2021-06-17,5.15
JBL,2021-09-29,5.609999999999999
JBL,2021-12-16,5.93
JBL,2022-03-16,6.34
JBL,2022-06-16,6.76
JBL,2022-09-27,7.66
JBL,2022-12-15,8.05
JBL,2023-03-16,8.25
JBL,2023-06-15,8.52
JBL,2023-09-28,8.629999999999999
JBL,2023-12-14,8.92
JBL,2024-03-15,8.72
JBL,2024-06-20,8.620000000000001
JBL,2024-09-26,8.469999999999999
JBL,2024-12-18,7.87
JBL,2025-03-20,8.129999999999999
JBL,2025-06-17,8.79
JBL,2025-09-25,9.78
JBL,2025-12-17,10.629999999999999
JBL,2026-03-18,11.38
JBL,2026-06-17,11.99
JCI,2021-07-30,2.54
JCI,2021-11-05,2.66
JCI,2022-02-02,2.7699999999999996
JCI,2022-05-04,2.8800000000000003
JCI,2022-08-04,2.9000000000000004
JCI,2022-11-03,3.0100000000000002
JCI,2023-02-01,3.1399999999999997
JCI,2023-05-05,3.26
JCI,2023-08-02,3.4400000000000004
JCI,2023-12-12,3.5
JCI,2024-01-30,3.3400000000000003
JCI,2024-05-01,3.37
JCI,2024-07-31,3.48
JCI,2024-11-06,3.71
JCI,2025-02-05,3.84
JCI,2025-05-07,3.88
JCI,2025-07-29,3.79
JCI,2025-11-05,3.7699999999999996
JCI,2026-02-04,4.0200000000000005
JCI,2026-05-06,4.39
JCI,2026-07-29,4.76
JKHY,2021-05-03,3.88
JKHY,2021-08-17,4.12
JKHY,2021-11-08,4.31
JKHY,2022-02-08,4.67
JKHY,2022-05-03,4.88
JKHY,2022-08-16,4.9399999999999995
JKHY,2022-11-08,5.02
JKHY,2023-02-07,4.82
JKHY,2023-05-02,4.78
JKHY,2023-08-15,5.0200000000000005
JKHY,2023-11-07,5.09
JKHY,2024-02-06,5.21
JKHY,2024-05-07,5.28
JKHY,2024-08-20,5.2700000000000005
JKHY,2024-11-05,5.33
JKHY,2025-02-04,5.460000000000001
JKHY,2025-05-06,5.72
JKHY,2025-08-19,5.95
JKHY,2025-11-04,6.220000000000001
JKHY,2026-02-03,6.53
JKHY,2026-05-05,6.640000000000001
JNJ,2021-07-21,9.13
JNJ,2021-10-19,9.530000000000001
JNJ,2022-01-25,9.8
JNJ,2022-04-19,9.879999999999999
JNJ,2022-07-19,9.989999999999998
JNJ,2022-10-18,9.94
JNJ,2023-01-24,10.16
JNJ,2023-04-18,10.17
JNJ,2023-07-20,10.379999999999999
JNJ,2023-10-17,10.49
JNJ,2024-01-23,10.43
JNJ,2024-04-16,10.46
JNJ,2024-07-17,10.48
JNJ,2024-10-15,10.24
JNJ,2025-01-22,9.99
JNJ,2025-04-15,10.05
JNJ,2025-07-16,10.0
JNJ,2025-10-14,10.379999999999999
JNJ,2026-01-21,10.8
JNJ,2026-04-14,10.73
JNJ,2026-07-15,10.86
JPM,2021-07-13,14.53
JPM,2021-10-13,14.99
JPM,2022-01-14,15.25
JPM,2022-04-13,13.29
JPM,2022-07-14,12.27
JPM,2022-10-14,11.84
JPM,2023-01-13,12.079999999999998
JPM,2023-04-14,13.55
JPM,2023-07-14,15.54
JPM,2023-10-13,16.75
JPM,2024-01-12,16.22
JPM,2024-04-12,16.560000000000002
JPM,2024-07-12,17.93
JPM,2024-10-11,17.97
JPM,2025-01-15,19.740000000000002
JPM,2025-04-11,20.369999999999997
JPM,2025-07-15,19.21
JPM,2025-10-14,19.91
JPM,2026-01-13,19.73
JPM,2026-04-14,20.6
JPM,2026-07-14,21.78
KDP,2021-07-29,1.49
KDP,2021-10-28,1.54
KDP,2022-02-24,1.6
KDP,2022-04-28,1.6
KDP,2022-07-28,1.61
KDP,2022-10-27,1.63
KDP,2023-02-23,1.68
KDP,2023-04-27,1.6900000000000002
KDP,2023-07-27,1.72
KDP,2023-10-26,1.74
KDP,2024-02-22,1.79
KDP,2024-04-25,1.83
KDP,2024-07-25,1.86
KDP,2024-10-24,1.8900000000000001
KDP,2025-02-25,1.92
KDP,2025-04-24,1.9600000000000002
KDP,2025-07-24,2.0
KDP,2025-10-27,2.0300000000000002
KDP,2026-02-24,2.05
KDP,2026-04-23,2.02
KDP,2026-08-06,2.1
KEY,2021-07-20,2.3
KEY,2021-10-21,2.54
KEY,2022-01-20,2.62
KEY,2022-04-21,2.46
KEY,2022-07-21,2.2800000000000002
KEY,2022-10-20,2.18
KEY,2023-01-19,1.92
KEY,2023-04-20,1.77
KEY,2023-07-20,1.5
KEY,2023-10-19,1.24
KEY,2024-01-18,0.89
KEY,2024-04-18,0.79
KEY,2024-07-18,0.77
KEY,2024-10-17,0.010000000000000009
KEY,2025-01-21,0.36
KEY,2025-04-17,0.49
KEY,2025-07-22,0.59
KEY,2025-10-16,1.47
KEY,2026-01-20,1.5
KEY,2026-04-16,1.6099999999999999
KEY,2026-07-21,1.7
KEYS,2021-05-19,5.68
KEYS,2021-08-18,6.03
KEYS,2021-11-22,6.23
KEYS,2022-02-17,6.449999999999999
KEYS,2022-05-17,6.84
KEYS,2022-08-17,7.3100000000000005
KEYS,2022-11-17,7.63
KEYS,2023-02-21,8.0
KEYS,2023-05-16,8.290000000000001
KEYS,2023-08-17,8.47
KEYS,2023-11-20,8.32
KEYS,2024-02-20,7.930000000000001
KEYS,2024-05-20,7.220000000000001
KEYS,2024-08-20,6.6
KEYS,2024-11-19,6.26
KEYS,2025-02-25,6.449999999999999
KEYS,2025-05-20,6.739999999999999
KEYS,2025-08-19,6.890000000000001
KEYS,2025-11-24,7.1499999999999995
KEYS,2026-02-23,7.5
KEYS,2026-05-19,8.67
KHC,2021-08-04,3.0
KHC,2021-10-27,2.9499999999999997
KHC,2022-02-16,2.94
KHC,2022-04-27,2.82
KHC,2022-07-27,2.74
KHC,2022-10-26,2.72
KHC,2023-02-15,2.7800000000000002
KHC,2023-05-03,2.86
KHC,2023-08-02,2.95
KHC,2023-11-01,3.04
KHC,2024-02-14,2.97
KHC,2024-05-01,2.98
KHC,2024-07-31,2.97
KHC,2024-10-30,3.0
KHC,2025-02-12,3.06
KHC,2025-04-29,2.99
KHC,2025-07-30,2.9
KHC,2025-10-29,2.76
KHC,2026-02-11,2.59
KHC,2026-05-06,2.55
KHC,2026-08-05,2.42
KIM,2021-07-29,0.55
KIM,2021-11-05,0.6000000000000001
KIM,2022-02-10,0.68
KIM,2022-04-28,0.69
KIM,2022-07-28,0.77
KIM,2022-10-27,0.8200000000000001
KIM,2023-02-09,0.7
KIM,2023-04-27,0.9500000000000001
KIM,2023-07-27,0.84
KIM,2023-10-26,0.8
KIM,2024-02-08,0.9000000000000001
KIM,2024-05-02,0.53
KIM,2024-08-01,0.5700000000000001
KIM,2024-10-31,0.59
KIM,2025-02-07,0.65
KIM,2025-05-01,0.77
KIM,2025-07-31,0.78
KIM,2025-10-30,0.78
KIM,2026-02-12,0.74
KIM,2026-04-30,0.77
KIM,2026-08-04,0.81
KKR,2021-08-03,2.77
KKR,2021-11-02,3.34
KKR,2022-02-08,4.4399999999999995
KKR,2022-05-03,4.79
KKR,2022-08-02,4.69
KKR,2022-11-01,4.57
KKR,2023-02-07,3.9000000000000004
KKR,2023-05-08,3.6100000000000003
KKR,2023-08-07,3.3899999999999997
KKR,2023-11-07,3.3400000000000003
KKR,2024-02-06,3.42
KKR,2024-05-01,3.58
KKR,2024-07-31,3.94
KKR,2024-10-24,4.4399999999999995
KKR,2025-02-04,4.76
KKR,2025-05-01,4.94
KKR,2025-07-31,5.029999999999999
KKR,2025-11-07,5.06
KKR,2026-02-05,4.859999999999999
KKR,2026-05-05,5.1
KKR,2026-07-30,5.55
KLAC,2021-07-29,1.45
KLAC,2021-10-27,1.6099999999999999
KLAC,2022-01-27,1.85
KLAC,2022-04-28,1.9700000000000002
KLAC,2022-07-28,2.1100000000000003
KLAC,2022-10-26,2.3600000000000003
KLAC,2023-01-26,2.54
KLAC,2023-04-26,2.58
KLAC,2023-07-27,2.54
KLAC,2023-10-25,2.4
KLAC,2024-01-25,2.2800000000000002
KLAC,2024-04-25,2.26
KLAC,2024-07-24,2.38
KLAC,2024-10-30,2.54
KLAC,2025-01-30,2.74
KLAC,2025-04-30,3.05
KLAC,2025-07-31,3.33
KLAC,2025-10-29,3.48
KLAC,2026-01-29,3.5500000000000003
KLAC,2026-04-29,3.65
KLAC,2026-07-28,3.76
KMB,2021-07-23,6.68
KMB,2021-10-25,6.58
KMB,2022-01-26,6.1899999999999995
KMB,2022-04-22,5.74
KMB,2022-07-26,5.61
KMB,2022-10-25,5.390000000000001
KMB,2023-01-25,5.63
KMB,2023-04-25,5.95
KMB,2023-07-25,6.26
KMB,2023-10-24,6.6
KMB,2024-01-24,6.569999999999999
KMB,2024-04-23,6.909999999999999
KMB,2024-07-23,7.22
KMB,2024-10-22,7.31
KMB,2025-01-28,7.3
KMB,2025-04-22,7.22
KMB,2025-08-01,7.18
KMB,2025-10-30,7.17
KMB,2026-01-27,7.53
KMB,2026-04-28,7.57
KMB,2026-08-04,7.7700000000000005
KMI,2021-07-21,1.31
KMI,2021-10-20,1.32
KMI,2022-01-19,1.32
KMI,2022-04-20,1.04
KMI,2022-07-20,1.08
KMI,2022-10-19,1.11
KMI,2023-01-18,1.1500000000000001
KMI,2023-04-19,1.13
KMI,2023-07-19,1.1
KMI,2023-10-18,1.1
KMI,2024-01-17,1.0699999999999998
KMI,2024-04-17,1.11
KMI,2024-07-17,1.12
KMI,2024-10-16,1.12
KMI,2025-01-22,1.1600000000000001
KMI,2025-04-16,1.16
KMI,2025-07-16,1.19
KMI,2025-10-22,1.23
KMI,2026-01-21,1.3
KMI,2026-04-22,1.44
KMI,2026-07-22,1.5299999999999998
KO,2021-07-21,2.25
KO,2021-10-27,2.35
KO,2022-02-10,2.33
KO,2022-04-25,2.42
KO,2022-07-26,2.44
KO,2022-10-25,2.48
KO,2023-02-14,2.48
KO,2023-04-24,2.52
KO,2023-07-26,2.6
KO,2023-10-24,2.6500000000000004
KO,2024-02-13,2.69
KO,2024-04-30,2.7299999999999995
KO,2024-07-23,2.79
KO,2024-10-23,2.82
KO,2025-02-11,2.88
KO,2025-04-29,2.89
KO,2025-07-22,2.92
KO,2025-10-21,2.9699999999999998
KO,2026-02-10,3.0
KO,2026-04-28,3.13
KO,2026-07-28,3.23
KR,2021-06-17,3.44
KR,2021-09-10,3.51
KR,2021-12-02,3.58
KR,2022-03-03,3.68
KR,2022-06-16,3.94
KR,2022-09-09,4.04
KR,2022-12-01,4.14
KR,2023-03-02,4.22
KR,2023-06-15,4.28
KR,2023-09-08,4.34
KR,2023-11-30,4.41
KR,2024-03-07,4.76
KR,2024-06-20,4.68
KR,2024-09-12,4.65
KR,2024-12-05,4.68
KR,2025-03-06,4.48
KR,2025-06-20,4.54
KR,2025-09-11,4.6499999999999995
KR,2025-12-04,4.72
KR,2026-03-05,4.86
KR,2026-06-18,4.95
KVUE,2024-05-07,1.22
KVUE,2024-08-06,1.22
KVUE,2024-11-07,1.19
KVUE,2025-02-06,1.1400000000000001
KVUE,2025-05-08,1.1
KVUE,2025-08-07,1.07
KVUE,2025-11-03,1.07
KVUE,2026-02-17,1.08
KVUE,2026-05-07,1.1600000000000001
KVUE,2026-08-06,1.18
L,2015-02-09,2.52
L,2015-05-04,2.62
L,2015-08-03,2.29
L,2015-11-02,2.1
L,2016-02-08,1.94
L,2016-05-02,1.79
L,2016-08-01,1.91
L,2016-10-31,2.29
L,2017-02-06,2.77
L,2017-05-01,3.05
L,2017-07-31,3.19
L,2017-10-30,2.84
L,2018-02-12,2.9
L,2018-04-30,2.94
L,2018-07-30,2.98
L,2018-11-05,3.2800000000000002
L,2019-02-11,2.14
L,2019-04-29,2.4
L,2019-08-05,2.5500000000000003
L,2019-10-28,1.9300000000000002
L,2020-02-10,3.3900000000000006
LDOS,2021-08-03,6.35
LDOS,2021-11-02,6.68
LDOS,2022-02-15,6.61
LDOS,2022-05-03,6.46
LDOS,2022-08-02,6.53
LDOS,2022-11-01,6.32
LDOS,2023-02-14,6.59
LDOS,2023-05-02,6.48
LDOS,2023-08-01,6.69
LDOS,2023-10-31,7.129999999999999
LDOS,2024-02-13,7.289999999999999
LDOS,2024-04-30,8.11
LDOS,2024-07-30,8.94
LDOS,2024-10-29,9.84
LDOS,2025-02-11,10.22
LDOS,2025-05-06,10.9
LDOS,2025-08-05,11.48
LDOS,2025-11-04,11.6
LDOS,2026-02-17,11.99
LDOS,2026-05-05,12.149999999999999
LDOS,2026-08-04,12.2
LEN,2021-06-16,9.93
LEN,2021-09-20,11.08
LEN,2021-12-15,12.620000000000001
LEN,2022-03-16,13.280000000000001
LEN,2022-06-21,15.02
LEN,2022-09-21,16.93
LEN,2022-12-14,17.59
LEN,2023-03-14,17.009999999999998
LEN,2023-06-14,15.259999999999998
LEN,2023-09-13,13.989999999999998
LEN,2023-12-14,14.139999999999999
LEN,2024-03-13,14.629999999999999
LEN,2024-06-17,15.07
LEN,2024-09-19,15.059999999999999
LEN,2024-12-18,13.92
LEN,2025-03-20,13.450000000000001
LEN,2025-06-16,11.969999999999999
LEN,2025-09-18,10.07
LEN,2025-12-16,8.07
LEN,2026-03-12,6.81
LEN,2026-06-11,6.22
LH,2021-07-29,33.89
LH,2021-10-28,32.3
LH,2022-02-10,28.509999999999998
LH,2022-04-28,25.83
LH,2022-07-28,24.66
LH,2022-10-27,22.52
LH,2023-02-16,19.89
LH,2023-04-25,17.599999999999998
LH,2023-07-27,16.06
LH,2023-10-26,14.759999999999998
LH,2024-02-15,13.92
LH,2024-04-25,13.78
LH,2024-08-01,14.299999999999999
LH,2024-10-24,14.42
LH,2025-02-06,14.57
LH,2025-04-29,14.73
LH,2025-07-24,15.14
LH,2025-10-28,15.82
LH,2026-02-17,16.439999999999998
LH,2026-04-30,16.85
LH,2026-07-30,17.490000000000002
LHX,2021-08-03,12.42
LHX,2021-10-29,12.79
LHX,2022-01-31,12.95
LHX,2022-04-28,12.89
LHX,2022-07-28,12.86
LHX,2022-10-27,12.909999999999998
LHX,2023-01-26,12.879999999999999
LHX,2023-04-28,12.62
LHX,2023-07-26,12.36
LHX,2023-10-26,12.290000000000001
LHX,2024-01-25,12.37
LHX,2024-04-25,12.57
LHX,2024-07-25,12.840000000000002
LHX,2024-10-24,12.99
LHX,2025-01-30,13.11
LHX,2025-04-24,12.46
LHX,2025-07-24,12.0
LHX,2025-10-30,11.36
LHX,2026-01-29,10.75
LHX,2026-04-30,11.25
LHX,2026-07-29,12.100000000000001
LII,2021-07-26,13.26
LII,2021-10-25,13.13
LII,2022-02-01,12.59
LII,2022-04-25,12.68
LII,2022-07-28,13.11
LII,2022-10-27,13.809999999999999
LII,2023-01-31,14.09
LII,2023-04-27,14.559999999999999
LII,2023-07-27,15.71
LII,2023-10-26,16.98
LII,2024-01-31,17.98
LII,2024-04-24,18.62
LII,2024-07-24,19.3
LII,2024-10-23,20.61
LII,2025-01-29,22.58
LII,2025-04-23,22.479999999999997
LII,2025-07-23,23.47
LII,2025-10-22,23.77
LII,2026-01-28,22.620000000000005
LII,2026-04-29,22.6
LII,2026-07-29,22.5
LIN,2021-07-30,9.64
LIN,2021-10-29,10.219999999999999
LIN,2022-02-10,10.690000000000001
LIN,2022-04-28,11.13
LIN,2022-07-28,11.53
LIN,2022-10-27,11.900000000000002
LIN,2023-02-07,12.29
LIN,2023-04-27,12.780000000000001
LIN,2023-07-27,13.25
LIN,2023-10-26,13.78
LIN,2024-02-06,14.21
LIN,2024-05-02,14.54
LIN,2024-08-02,14.82
LIN,2024-10-31,15.129999999999999
LIN,2025-02-06,15.51
LIN,2025-05-01,15.71
LIN,2025-08-01,15.95
LIN,2025-10-31,16.22
LIN,2026-02-05,16.45
LIN,2026-05-01,16.830000000000002
LIN,2026-07-31,16.89
LITE,2021-08-18,6.32
LITE,2021-11-04,6.33
LITE,2022-02-03,5.9399999999999995
LITE,2022-05-04,5.73
LITE,2022-08-16,6.05
LITE,2022-11-08,5.949999999999999
LITE,2023-02-09,5.87
LITE,2023-05-09,5.43
LITE,2023-08-17,4.55
LITE,2023-11-08,3.21
LITE,2024-02-08,2.01
LITE,2024-05-06,1.5499999999999998
LITE,2024-08-14,1.02
LITE,2024-11-07,0.85
LITE,2025-02-06,0.95
LITE,2025-05-06,1.23
LITE,2025-08-12,2.05
LITE,2025-11-04,2.9699999999999998
LITE,2026-02-03,4.22
LITE,2026-05-05,6.02
LLY,2021-08-03,8.030000000000001
LLY,2021-10-26,8.43
LLY,2022-02-03,8.17
LLY,2022-04-28,8.92
LLY,2022-08-04,8.3
LLY,2022-11-01,8.34
LLY,2023-02-02,7.94
LLY,2023-04-27,6.94
LLY,2023-08-08,7.799999999999999
LLY,2023-11-02,5.92
LLY,2024-02-06,6.32
LLY,2024-04-30,7.28
LLY,2024-08-08,9.09
LLY,2024-10-30,10.17
LLY,2025-02-06,13.0
LLY,2025-05-01,13.76
LLY,2025-08-07,16.15
LLY,2025-10-30,21.99
LLY,2026-02-04,24.21
LLY,2026-04-30,29.42
LLY,2026-08-05,31.490000000000002
LMT,2021-07-26,25.509999999999998
LMT,2021-10-26,21.669999999999998
LMT,2022-01-25,22.53
LMT,2022-04-19,22.41
LMT,2022-07-19,22.21
LMT,2022-10-18,26.87
LMT,2023-01-24,27.42
LMT,2023-04-18,27.590000000000003
LMT,2023-07-18,28.0
LMT,2023-10-17,27.86
LMT,2024-01-23,27.650000000000002
LMT,2024-04-23,27.43
LMT,2024-07-23,27.810000000000002
LMT,2024-10-22,27.88
LMT,2025-01-28,22.52
LMT,2025-04-22,23.41
LMT,2025-07-22,17.76
LMT,2025-10-21,17.91
LMT,2026-01-29,21.490000000000002
LMT,2026-04-23,20.65
LMT,2026-07-23,27.13
LNT,2021-08-05,2.4299999999999997
LNT,2021-11-04,2.51
LNT,2022-02-17,2.6199999999999997
LNT,2022-04-28,2.71
LNT,2022-08-04,2.7699999999999996
LNT,2022-11-07,2.68
LNT,2023-02-23,2.79
LNT,2023-05-04,2.67
LNT,2023-08-03,2.68
LNT,2023-11-02,2.8
LNT,2024-02-15,2.82
LNT,2024-05-02,2.79
LNT,2024-08-01,2.7199999999999998
LNT,2024-10-31,2.82
LNT,2025-02-20,3.04
LNT,2025-05-08,3.2499999999999996
LNT,2025-08-07,3.36
LNT,2025-11-06,3.33
LNT,2026-02-19,3.23
LNT,2026-04-30,3.22
LNT,2026-07-30,3.19
LOW,2021-05-19,10.27
LOW,2021-08-18,10.77
LOW,2021-11-17,11.52
LOW,2022-02-23,11.969999999999999
LOW,2022-05-18,12.27
LOW,2022-08-17,12.69
LOW,2022-11-16,13.229999999999999
LOW,2023-03-01,13.73
LOW,2023-05-23,13.89
LOW,2023-08-22,13.78
LOW,2023-11-21,13.57
LOW,2024-02-27,13.059999999999999
LOW,2024-05-21,12.450000000000001
LOW,2024-08-20,11.99
LOW,2024-11-19,11.82
LOW,2025-02-26,11.98
LOW,2025-05-21,11.84
LOW,2025-08-20,12.07
LOW,2025-11-19,12.24
LOW,2026-02-25,12.29
LOW,2026-05-20,12.4
LRCX,2021-07-28,2.73
LRCX,2021-10-20,3.0
LRCX,2022-01-26,3.25
LRCX,2022-04-20,3.24
LRCX,2022-07-27,3.31
LRCX,2022-10-19,3.5100000000000002
LRCX,2023-01-25,3.7300000000000004
LRCX,2023-04-19,3.69
LRCX,2023-07-26,3.41
LRCX,2023-10-18,3.06
LRCX,2024-01-24,2.7399999999999998
LRCX,2024-04-24,2.8200000000000003
LRCX,2024-07-31,3.0300000000000002
LRCX,2024-10-23,3.2
LRCX,2025-01-29,3.3600000000000003
LRCX,2025-04-23,3.62
LRCX,2025-07-30,4.140000000000001
LRCX,2025-10-22,4.54
LRCX,2026-01-28,4.9
LRCX,2026-04-22,5.33
LRCX,2026-07-29,5.82
LULU,2021-06-03,5.64
LULU,2021-09-08,6.49
LULU,2021-12-09,6.77
LULU,2022-03-29,7.549999999999999
LULU,2022-06-02,7.87
LULU,2022-09-01,8.48
LULU,2022-12-08,9.04
LULU,2023-03-28,10.080000000000002
LULU,2023-06-01,10.88
LULU,2023-08-31,11.36
LULU,2023-12-07,11.889999999999999
LULU,2024-03-21,12.780000000000001
LULU,2024-06-05,13.040000000000001
LULU,2024-08-29,13.51
LULU,2024-12-05,13.85
LULU,2025-03-27,14.700000000000001
LULU,2025-06-05,14.76
LULU,2025-09-04,14.71
LULU,2025-12-11,14.43
LULU,2026-03-17,13.3
LULU,2026-06-04,12.390000000000002
LUV,2021-07-22,-5.35
LUV,2021-10-21,-3.59
LUV,2022-01-27,-2.1599999999999997
LUV,2022-04-28,-0.76
LUV,2022-07-28,0.89
LUV,2022-10-27,1.62
LUV,2023-01-26,1.1
LUV,2023-04-27,1.15
LUV,2023-07-27,0.9400000000000002
LUV,2023-10-26,0.8200000000000002
LUV,2024-01-25,1.5700000000000003
LUV,2024-04-25,1.4800000000000002
LUV,2024-07-25,0.9700000000000001
LUV,2024-10-24,0.7400000000000001
LUV,2025-01-30,0.9300000000000002
LUV,2025-04-23,1.1600000000000001
LUV,2025-07-23,1.0100000000000002
LUV,2025-10-22,0.9700000000000002
LUV,2026-01-28,0.9900000000000001
LUV,2026-04-22,1.57
LUV,2026-07-22,2.08
LVS,2021-07-21,-1.55
LVS,2021-10-20,-1.33
LVS,2022-01-26,-1.18
LVS,2022-04-27,-1.33
LVS,2022-07-20,-1.4100000000000001
LVS,2022-10-19,-1.2300000000000002
LVS,2023-01-25,-1.2000000000000002
LVS,2023-04-19,-0.52
LVS,2023-07-19,0.28
LVS,2023-10-18,1.1
LVS,2024-01-24,1.8599999999999999
LVS,2024-04-17,2.33
LVS,2024-07-24,2.42
LVS,2024-10-23,2.31
LVS,2025-01-29,2.2800000000000002
LVS,2025-04-23,2.12
LVS,2025-07-23,2.36
LVS,2025-10-22,2.7
LVS,2026-01-28,3.01
LVS,2026-04-22,3.33
LVS,2026-07-22,3.13
LYB,2021-07-30,12.780000000000001
LYB,2021-10-29,16.76
LYB,2022-01-28,16.77
LYB,2022-04-29,17.57
LYB,2022-07-29,16.64
LYB,2022-10-28,13.35
LYB,2023-02-03,12.440000000000001
LYB,2023-04-28,10.940000000000001
LYB,2023-08-04,8.19
LYB,2023-10-27,8.69
LYB,2024-02-01,8.66
LYB,2024-04-26,7.6899999999999995
LYB,2024-08-02,7.49
LYB,2024-11-01,6.91
LYB,2025-01-31,6.4
LYB,2025-04-25,5.2
LYB,2025-08-01,3.58
LYB,2025-10-31,2.71
LYB,2026-01-30,1.7
LYB,2026-05-01,1.8599999999999999
LYB,2026-07-31,5.54
LYV,2021-08-03,-6.83
LYV,2021-11-04,-4.19
LYV,2022-02-23,-3.11
LYV,2022-05-05,-2.06
LYV,2022-08-04,-0.5
LYV,2022-11-03,0.7
LYV,2023-02-23,0.6399999999999999
LYV,2023-05-04,1.17
LYV,2023-07-27,1.46
LYV,2023-11-02,2.26
LYV,2024-02-22,2.2600000000000002
LYV,2024-05-02,2.72
LYV,2024-07-30,3.3000000000000003
LYV,2024-11-11,3.0
LYV,2025-02-20,5.41
LYV,2025-05-01,4.49
LYV,2025-08-07,3.37
LYV,2025-11-04,2.2100000000000004
LYV,2026-02-19,-0.23999999999999955
LYV,2026-05-05,-1.7699999999999996
LYV,2026-07-30,-1.1299999999999997
MA,2021-07-29,6.93
MA,2021-10-28,7.7
MA,2022-01-27,8.41
MA,2022-04-28,9.43
MA,2022-07-28,10.04
MA,2022-10-27,10.35
MA,2023-01-26,10.65
MA,2023-04-27,10.690000000000001
MA,2023-07-27,11.02
MA,2023-10-26,11.73
MA,2024-01-31,12.26
MA,2024-05-01,12.770000000000001
MA,2024-07-31,13.47
MA,2024-10-31,13.97
MA,2025-01-30,14.61
MA,2025-05-01,15.03
MA,2025-07-31,15.59
MA,2025-10-30,16.08
MA,2026-01-29,17.02
MA,2026-04-30,17.89
MA,2026-07-30,18.78
MAA,2021-07-28,3.18
MAA,2021-10-27,3.3400000000000003
MAA,2022-02-02,4.27
MAA,2022-04-27,4.73
MAA,2022-07-27,5.029999999999999
MAA,2022-10-26,5.42
MAA,2023-02-01,5.8
MAA,2023-04-26,6.069999999999999
MAA,2023-07-26,5.29
MAA,2023-10-25,5.33
MAA,2024-02-07,4.6
MAA,2024-05-01,4.5
MAA,2024-07-31,4.29
MAA,2024-10-30,4.26
MAA,2025-02-05,4.55
MAA,2025-04-30,5.06
MAA,2025-07-30,4.909999999999999
MAA,2025-10-29,4.7
MAA,2026-02-04,4.19
MAA,2026-04-29,3.7100000000000004
MAA,2026-07-29,3.87
MAR,2021-08-03,1.07
MAR,2021-11-03,2.0
MAR,2022-02-15,3.18
MAR,2022-05-04,4.33
MAR,2022-08-02,5.34
MAR,2022-11-03,6.04
MAR,2023-02-14,6.7
MAR,2023-05-02,7.54
MAR,2023-08-01,8.0
MAR,2023-11-02,8.42
MAR,2024-02-13,10.03
MAR,2024-05-01,10.07
MAR,2024-07-31,10.309999999999999
MAR,2024-11-04,10.46
MAR,2025-02-11,9.34
MAR,2025-05-06,9.53
MAR,2025-08-05,9.68
MAR,2025-11-04,9.89
MAR,2026-02-10,10.02
MAR,2026-05-06,10.42
MAR,2026-08-03,10.96
MAS,2021-07-29,3.82
MAS,2021-10-27,3.7699999999999996
MAS,2022-02-08,3.69
MAS,2022-04-27,3.7499999999999996
MAS,2022-07-28,3.75
MAS,2022-10-26,3.7399999999999998
MAS,2023-02-09,3.7199999999999998
MAS,2023-04-26,3.64
MAS,2023-07-27,3.69
MAS,2023-10-26,3.71
MAS,2024-02-08,3.89
MAS,2024-04-24,3.95
MAS,2024-07-25,3.96
MAS,2024-10-29,4.04
MAS,2025-02-11,4.1
MAS,2025-04-23,4.04
MAS,2025-07-31,4.140000000000001
MAS,2025-10-29,4.03
MAS,2026-02-10,3.96
MAS,2026-04-22,4.13
MAS,2026-07-29,4.47
MCD,2021-07-28,8.21
MCD,2021-10-27,8.75
MCD,2022-01-27,9.28
MCD,2022-04-28,9.64
MCD,2022-07-26,9.82
MCD,2022-10-27,9.74
MCD,2023-01-31,10.1
MCD,2023-04-25,10.45
MCD,2023-07-27,11.07
MCD,2023-10-30,11.58
MCD,2024-02-05,11.940000000000001
MCD,2024-04-30,12.01
MCD,2024-07-29,11.81
MCD,2024-10-29,11.850000000000001
MCD,2025-02-10,11.73
MCD,2025-05-01,11.7
MCD,2025-08-06,11.92
MCD,2025-11-05,11.91
MCD,2026-02-11,12.2
MCD,2026-05-07,12.360000000000001
MCD,2026-08-04,12.55
MCHP,2021-08-03,3.5100000000000002
MCHP,2021-11-04,3.8000000000000003
MCHP,2022-02-03,4.19
MCHP,2022-05-09,4.61
MCHP,2022-08-02,4.99
MCHP,2022-11-03,5.38
MCHP,2023-02-02,5.74
MCHP,2023-05-04,6.03
MCHP,2023-08-03,6.3
MCHP,2023-11-02,6.46
MCHP,2024-02-01,5.9799999999999995
MCHP,2024-05-06,4.91
MCHP,2024-08-01,3.8000000000000003
MCHP,2024-11-05,2.6399999999999997
MCHP,2025-02-06,1.76
MCHP,2025-05-08,1.3
MCHP,2025-08-07,1.04
MCHP,2025-11-06,0.93
MCHP,2026-02-05,1.17
MCHP,2026-05-07,1.63
MCHP,2026-08-06,2.12
MCK,2021-08-03,20.009999999999998
MCK,2021-11-01,21.36
MCK,2022-02-02,22.91
MCK,2022-05-05,23.69
MCK,2022-08-03,23.96
MCK,2022-11-01,23.869999999999997
MCK,2023-02-01,24.62
MCK,2023-05-08,25.98
MCK,2023-08-02,27.42
MCK,2023-11-01,27.59
MCK,2024-02-07,28.43
MCK,2024-05-07,27.419999999999998
MCK,2024-08-07,28.03
MCK,2024-11-06,28.869999999999997
MCK,2025-02-05,29.16
MCK,2025-05-08,33.1
MCK,2025-08-06,33.48
MCK,2025-11-05,36.269999999999996
MCK,2026-02-04,37.58
MCK,2026-05-07,39.15
MCK,2026-08-05,40.82
MCO,2021-07-28,11.879999999999999
MCO,2021-10-28,11.879999999999999
MCO,2022-02-10,12.3
MCO,2022-05-02,11.13
MCO,2022-07-26,10.13
MCO,2022-10-25,9.290000000000001
MCO,2023-01-31,8.56
MCO,2023-04-25,8.66
MCO,2023-07-25,8.74
MCO,2023-10-25,9.32
MCO,2024-02-13,9.91
MCO,2024-05-02,10.29
MCO,2024-07-23,11.27
MCO,2024-10-22,12.05
MCO,2025-02-13,12.479999999999999
MCO,2025-04-22,12.94
MCO,2025-07-23,13.22
MCO,2025-10-22,13.93
MCO,2026-02-18,14.950000000000001
MCO,2026-04-22,15.450000000000001
MCO,2026-07-22,16.57
MDLZ,2021-07-27,2.73
MDLZ,2021-11-02,2.81
MDLZ,2022-01-27,2.8499999999999996
MDLZ,2022-04-26,2.92
MDLZ,2022-07-26,2.93
MDLZ,2022-11-01,2.96
MDLZ,2023-01-31,2.98
MDLZ,2023-04-27,3.03
MDLZ,2023-07-27,3.12
MDLZ,2023-11-01,3.2
MDLZ,2024-01-30,3.31
MDLZ,2024-04-30,3.37
MDLZ,2024-07-30,3.47
MDLZ,2024-10-29,3.6399999999999997
MDLZ,2025-02-04,3.45
MDLZ,2025-04-29,3.2399999999999998
MDLZ,2025-07-29,3.11
MDLZ,2025-10-28,2.85
MDLZ,2026-02-03,2.92
MDLZ,2026-04-28,2.85
MDLZ,2026-07-28,2.85
MDT,2021-05-27,4.43
MDT,2021-08-24,5.22
MDT,2021-11-23,5.52
MDT,2022-02-22,5.6000000000000005
MDT,2022-05-26,5.619999999999999
MDT,2022-08-23,5.34
MDT,2022-11-22,5.32
MDT,2023-02-21,5.25
MDT,2023-05-25,5.3
MDT,2023-08-22,5.37
MDT,2023-11-21,5.32
MDT,2024-02-20,5.319999999999999
MDT,2024-05-23,5.21
MDT,2024-08-20,5.24
MDT,2024-11-19,5.25
MDT,2025-02-18,5.34
MDT,2025-05-21,5.5
MDT,2025-08-19,5.529999999999999
MDT,2025-11-18,5.63
MDT,2026-02-17,5.6000000000000005
MDT,2026-06-03,5.53
MET,2021-08-04,8.26
MET,2021-11-03,8.92
MET,2022-02-02,9.06
MET,2022-05-04,8.94
MET,2022-08-03,8.64
MET,2022-11-02,7.459999999999999
MET,2023-02-01,6.84
MET,2023-05-03,6.279999999999999
MET,2023-08-02,6.22
MET,2023-11-01,6.9799999999999995
MET,2024-01-31,7.26
MET,2024-05-01,7.57
MET,2024-07-31,7.91
MET,2024-10-30,7.89
MET,2025-02-05,8.149999999999999
MET,2025-04-30,8.28
MET,2025-08-06,8.02
MET,2025-11-05,8.44
MET,2026-02-04,8.84
MET,2026-05-06,9.3
MET,2026-08-05,9.71
META,2021-07-28,13.19
META,2021-10-25,14.01
META,2022-02-02,13.8
META,2022-04-27,13.219999999999999
META,2022-07-27,12.07
META,2022-10-26,10.49
META,2023-02-01,8.58
META,2023-04-26,8.06
META,2023-07-26,8.58
META,2023-10-25,11.33
META,2024-02-01,14.9
META,2024-04-24,17.41
META,2024-07-31,19.59
META,2024-10-30,21.23
META,2025-01-29,23.92
META,2025-04-30,25.64
META,2025-07-30,27.619999999999997
META,2025-10-29,28.839999999999996
META,2026-01-28,29.700000000000003
META,2026-04-29,30.580000000000002
META,2026-07-29,29.62
MGM,2021-08-04,-2.79
MGM,2021-11-03,-1.6800000000000002
MGM,2022-02-09,-0.66
MGM,2022-05-02,0.029999999999999992
MGM,2022-08-03,0.19
MGM,2022-11-02,-1.23
MGM,2023-02-08,-2.88
MGM,2023-05-01,-2.4499999999999997
MGM,2023-08-02,-1.8900000000000001
MGM,2023-11-08,0.14
MGM,2024-02-13,2.73
MGM,2024-05-01,3.0300000000000002
MGM,2024-07-31,3.3000000000000003
MGM,2024-10-30,3.2
MGM,2025-02-12,2.59
MGM,2025-04-30,2.54
MGM,2025-07-30,2.47
MGM,2025-10-29,2.17
MGM,2026-02-05,3.3200000000000003
MGM,2026-04-29,3.12
MGM,2026-07-29,2.92
MKC,2021-07-01,2.9699999999999998
MKC,2021-09-30,3.0
MKC,2022-01-27,3.05
MKC,2022-03-29,2.96
MKC,2022-06-29,2.75
MKC,2022-10-06,2.6399999999999997
MKC,2023-01-26,2.5300000000000002
MKC,2023-03-28,2.4899999999999998
MKC,2023-06-29,2.61
MKC,2023-10-03,2.57
MKC,2024-01-25,2.69
MKC,2024-03-26,2.73
MKC,2024-06-27,2.82
MKC,2024-10-01,3.0
MKC,2025-01-23,2.95
MKC,2025-03-25,2.92
MKC,2025-06-26,2.92
MKC,2025-10-07,2.94
MKC,2026-01-22,2.9999999999999996
MKC,2026-03-31,3.06
MKC,2026-06-25,3.17
MLM,2021-07-29,11.64
MLM,2021-11-02,12.030000000000001
MLM,2022-02-10,12.250000000000002
MLM,2022-05-03,11.620000000000001
MLM,2022-07-28,11.77
MLM,2022-11-02,12.21
MLM,2023-02-15,12.100000000000001
MLM,2023-05-04,13.65
MLM,2023-07-27,15.290000000000001
MLM,2023-11-01,17.58
MLM,2024-02-14,19.28
MLM,2024-04-30,19.09
MLM,2024-08-08,18.759999999999998
MLM,2024-10-30,17.73
MLM,2025-02-12,17.799999999999997
MLM,2025-04-30,17.93
MLM,2025-08-07,18.09
MLM,2025-11-04,18.990000000000002
MLM,2026-02-11,18.8
MLM,2026-04-30,18.830000000000002
MLM,2026-07-30,18.4
MMM,2021-07-27,10.17
MMM,2021-10-26,10.190000000000001
MMM,2022-01-25,10.12
MMM,2022-04-26,10.0
MMM,2022-07-26,9.89
MMM,2022-10-25,10.129999999999999
MMM,2023-01-24,10.1
MMM,2023-04-25,9.42
MMM,2023-07-25,9.11
MMM,2023-10-24,9.1
MMM,2024-01-23,9.24
MMM,2024-04-30,9.66
MMM,2024-07-26,9.42
MMM,2024-10-22,8.72
MMM,2025-01-21,7.98
MMM,2025-04-22,7.47
MMM,2025-07-18,7.7
MMM,2025-10-21,7.91
MMM,2026-01-20,8.06
MMM,2026-04-21,8.32
MMM,2026-07-21,8.56
MNST,2021-08-05,0.72
MNST,2021-11-04,0.72
MNST,2022-02-24,0.65
MNST,2022-05-05,0.64
MNST,2022-08-04,0.5800000000000001
MNST,2022-11-03,0.5700000000000001
MNST,2023-02-28,0.56
MNST,2023-05-04,0.61
MNST,2023-08-03,0.6799999999999999
MNST,2023-11-02,0.7500000000000001
MNST,2024-02-28,0.79
MNST,2024-05-02,0.81
MNST,2024-08-07,0.8200000000000001
MNST,2024-11-07,0.7899999999999999
MNST,2025-02-27,0.75
MNST,2025-05-08,0.77
MNST,2025-08-07,0.81
MNST,2025-11-06,0.8900000000000001
MNST,2026-02-26,0.9800000000000001
MNST,2026-05-07,1.04
MNST,2026-08-06,1.0899999999999999
MO,2021-07-29,4.48
MO,2021-10-28,4.51
MO,2022-01-27,4.609999999999999
MO,2022-04-28,4.66
MO,2022-07-28,4.69
MO,2022-10-27,4.75
MO,2023-02-01,4.84
MO,2023-04-27,4.9
MO,2023-08-01,4.95
MO,2023-10-26,4.95
MO,2024-02-01,4.95
MO,2024-04-25,4.92
MO,2024-07-31,4.92
MO,2024-10-31,5.02
MO,2025-01-30,5.13
MO,2025-04-29,5.21
MO,2025-07-30,5.34
MO,2025-10-30,5.41
MO,2026-01-29,5.42
MO,2026-04-30,5.51
MO,2026-07-30,5.55
MOS,2021-08-03,2.54
MOS,2021-11-01,3.66
MOS,2022-02-22,5.04
MOS,2022-05-02,6.88
MOS,2022-08-01,9.35
MOS,2022-11-07,11.22
MOS,2023-02-22,11.01
MOS,2023-05-03,9.740000000000002
MOS,2023-08-01,7.140000000000001
MOS,2023-11-07,4.6
MOS,2024-02-21,3.57
MOS,2024-05-01,3.08
MOS,2024-08-06,2.58
MOS,2024-11-12,2.2399999999999998
MOS,2025-02-27,1.98
MOS,2025-05-06,1.82
MOS,2025-08-05,1.79
MOS,2025-11-04,2.49
MOS,2026-02-24,2.26
MOS,2026-05-11,1.82
MOS,2026-08-04,1.44
MPC,2021-08-04,-1.47
MPC,2021-11-02,0.26
MPC,2022-02-02,2.5
MPC,2022-05-03,4.15
MPC,2022-08-02,14.09
MPC,2022-11-01,21.169999999999998
MPC,2023-01-31,26.52
MPC,2023-05-02,31.16
MPC,2023-08-01,25.87
MPC,2023-10-31,26.200000000000003
MPC,2024-01-30,23.53
MPC,2024-04-30,20.02
MPC,2024-08-06,18.82
MPC,2024-11-05,12.55
MPC,2025-02-04,9.34
MPC,2025-05-06,6.52
MPC,2025-08-05,6.36
MPC,2025-11-04,7.5
MPC,2026-02-03,10.8
MPC,2026-05-05,12.690000000000001
MPC,2026-08-04,26.46
MPWR,2021-07-27,6.27
MPWR,2021-10-28,6.640000000000001
MPWR,2022-02-10,7.45
MPWR,2022-05-02,8.440000000000001
MPWR,2022-08-01,9.879999999999999
MPWR,2022-10-27,11.35
MPWR,2023-02-08,12.4
MPWR,2023-05-04,12.95
MPWR,2023-07-31,12.52
MPWR,2023-10-30,12.07
MPWR,2024-02-07,11.780000000000001
MPWR,2024-05-01,11.59
MPWR,2024-08-01,11.94
MPWR,2024-10-30,12.92
MPWR,2025-02-06,14.129999999999999
MPWR,2025-05-01,15.36
MPWR,2025-07-31,16.4
MPWR,2025-10-30,17.07
MPWR,2026-02-05,17.77
MPWR,2026-04-30,18.830000000000002
MPWR,2026-07-30,21.12
MRK,2021-07-29,5.77
MRK,2021-10-28,5.779999999999999
MRK,2022-02-03,6.26
MRK,2022-04-28,7.0
MRK,2022-07-28,7.56
MRK,2022-10-27,7.66
MRK,2023-02-02,7.48
MRK,2023-04-27,6.74
MRK,2023-08-01,2.81
MRK,2023-10-26,3.09
MRK,2024-02-01,1.4999999999999998
MRK,2024-04-25,2.17
MRK,2024-07-30,6.51
MRK,2024-10-31,5.949999999999999
MRK,2025-02-04,7.64
MRK,2025-04-24,7.790000000000001
MRK,2025-07-29,7.640000000000001
MRK,2025-10-30,8.65
MRK,2026-02-03,8.97
MRK,2026-04-30,5.47
MRK,2026-08-04,3.21
MRNA,2021-08-05,8.02
MRNA,2021-11-04,16.310000000000002
MRNA,2022-02-24,28.29
MRNA,2022-05-04,34.03
MRNA,2022-08-03,32.81
MRNA,2022-11-03,27.64
MRNA,2023-02-23,19.96
MRNA,2023-05-04,11.570000000000002
MRNA,2023-08-03,2.7100000000000013
MRNA,2023-11-02,-9.349999999999998
MRNA,2024-02-22,-12.409999999999997
MRNA,2024-05-02,-15.669999999999998
MRNA,2024-08-01,-15.379999999999997
MRNA,2024-11-07,-5.819999999999998
MRNA,2025-02-14,-9.279999999999998
MRNA,2025-05-01,-8.729999999999999
MRNA,2025-08-01,-7.5299999999999985
MRNA,2025-11-06,-8.069999999999999
MRNA,2026-02-13,-7.269999999999999
MRNA,2026-04-30,-8.149999999999999
MRNA,2026-07-31,-7.989999999999998
MRSH,2021-07-22,5.75
MRSH,2021-10-21,6.01
MRSH,2022-01-27,6.18
MRSH,2022-04-21,6.49
MRSH,2022-07-21,6.63
MRSH,2022-10-20,6.7299999999999995
MRSH,2023-01-26,6.839999999999999
MRSH,2023-04-20,7.069999999999999
MRSH,2023-07-20,7.38
MRSH,2023-10-19,7.7700000000000005
MRSH,2024-01-25,7.98
MRSH,2024-04-18,8.34
MRSH,2024-07-18,8.55
MRSH,2024-10-17,8.61
MRSH,2025-01-30,8.8
MRSH,2025-04-17,8.969999999999999
MRSH,2025-07-17,9.28
MRSH,2025-10-16,9.5
MRSH,2026-01-29,9.75
MRSH,2026-04-16,9.98
MRSH,2026-07-21,10.219999999999999
MRVL,2021-06-07,1.04
MRVL,2021-08-26,1.17
MRVL,2021-12-02,1.35
MRVL,2022-03-03,1.56
MRVL,2022-05-26,1.79
MRVL,2022-08-25,2.02
MRVL,2022-12-01,2.16
MRVL,2023-03-02,2.12
MRVL,2023-05-25,1.91
MRVL,2023-08-24,1.6700000000000002
MRVL,2023-11-30,1.51
MRVL,2024-03-07,1.51
MRVL,2024-05-30,1.4400000000000002
MRVL,2024-08-29,1.4100000000000001
MRVL,2024-12-03,1.43
MRVL,2025-03-05,1.57
MRVL,2025-05-29,1.9500000000000002
MRVL,2025-08-28,2.3200000000000003
MRVL,2025-12-02,2.6500000000000004
MRVL,2026-03-05,2.8500000000000005
MRVL,2026-05-27,3.0300000000000002
MS,2021-07-15,7.619999999999999
MS,2021-10-14,8.0
MS,2022-01-19,8.16
MS,2022-04-14,8.030000000000001
MS,2022-07-14,7.710000000000001
MS,2022-10-14,7.14
MS,2023-01-17,6.370000000000001
MS,2023-04-19,6.05
MS,2023-07-18,5.96
MS,2023-10-18,5.87
MS,2024-01-16,5.41
MS,2024-04-16,5.6899999999999995
MS,2024-07-16,6.069999999999999
MS,2024-10-16,6.569999999999999
MS,2025-01-16,7.94
MS,2025-04-11,8.52
MS,2025-07-16,8.83
MS,2025-10-15,9.75
MS,2026-01-15,10.21
MS,2026-04-15,11.040000000000001
MS,2026-07-15,12.37
MSCI,2021-07-27,9.07
MSCI,2021-10-26,9.4
MSCI,2022-01-27,9.95
MSCI,2022-04-26,10.469999999999999
MSCI,2022-07-26,10.8
MSCI,2022-10-25,11.12
MSCI,2023-01-31,11.45
MSCI,2023-04-25,11.61
MSCI,2023-07-25,12.09
MSCI,2023-10-31,12.69
MSCI,2024-01-30,13.530000000000001
MSCI,2024-04-23,13.91
MSCI,2024-07-23,14.29
MSCI,2024-10-29,14.700000000000001
MSCI,2025-01-29,15.2
MSCI,2025-04-22,15.68
MSCI,2025-07-22,16.21
MSCI,2025-10-28,16.82
MSCI,2026-01-28,17.3
MSCI,2026-04-21,17.85
MSCI,2026-07-21,18.62
MSFT,2021-07-27,7.97
MSFT,2021-10-26,8.42
MSFT,2022-01-25,8.870000000000001
MSFT,2022-04-26,9.14
MSFT,2022-07-26,9.2
MSFT,2022-10-25,9.280000000000001
MSFT,2023-01-24,9.120000000000001
MSFT,2023-04-25,9.35
MSFT,2023-07-25,9.81
MSFT,2023-10-24,10.450000000000001
MSFT,2024-01-30,11.06
MSFT,2024-04-25,11.549999999999999
MSFT,2024-07-30,11.81
MSFT,2024-10-30,12.12
MSFT,2025-01-29,12.42
MSFT,2025-04-30,12.940000000000001
MSFT,2025-07-30,13.639999999999999
MSFT,2025-10-29,14.47
MSFT,2026-01-28,15.379999999999999
MSFT,2026-04-29,16.189999999999998
MSFT,2026-07-29,17.28
MSI,2021-08-05,8.75
MSI,2021-11-04,9.15
MSI,2022-02-09,9.14
MSI,2022-05-12,8.97
MSI,2022-08-04,8.969999999999999
MSI,2022-11-03,9.620000000000001
MSI,2023-02-09,10.370000000000001
MSI,2023-05-04,10.89
MSI,2023-08-03,11.469999999999999
MSI,2023-11-02,11.66
MSI,2024-02-08,11.959999999999999
MSI,2024-05-02,12.549999999999999
MSI,2024-08-01,13.14
MSI,2024-11-07,13.69
MSI,2025-02-13,13.830000000000002
MSI,2025-05-01,14.200000000000001
MSI,2025-08-07,14.530000000000001
MSI,2025-10-30,14.85
MSI,2026-02-11,15.399999999999999
MSI,2026-05-07,15.59
MSI,2026-08-05,16.43
MTB,2021-07-21,13.14
MTB,2021-10-20,15.459999999999999
MTB,2022-01-20,15.44
MTB,2022-04-20,14.77
MTB,2022-07-20,14.399999999999999
MTB,2022-10-19,13.11
MTB,2023-01-19,14.129999999999999
MTB,2023-04-17,15.41
MTB,2023-07-19,16.4
MTB,2023-10-18,16.61
MTB,2024-01-18,15.7
MTB,2024-04-15,14.700000000000001
MTB,2024-07-18,14.379999999999999
MTB,2024-10-17,14.43
MTB,2025-01-16,14.6
MTB,2025-04-14,14.91
MTB,2025-07-16,15.360000000000001
MTB,2025-10-16,16.15
MTB,2026-01-16,17.05
MTB,2026-04-15,17.86
MTB,2026-07-15,18.94
MTD,2021-07-29,30.939999999999998
MTD,2021-11-04,32.64
MTD,2022-02-10,33.91
MTD,2022-05-05,35.22
MTD,2022-07-28,36.510000000000005
MTD,2022-11-03,37.97
MTD,2023-02-09,39.54
MTD,2023-05-04,40.36
MTD,2023-07-27,41.16
MTD,2023-11-09,40.78
MTD,2024-02-08,38.08
MTD,2024-05-09,38.28
MTD,2024-08-01,37.74
MTD,2024-11-07,38.15
MTD,2025-02-06,41.160000000000004
MTD,2025-05-01,40.46
MTD,2025-07-31,40.900000000000006
MTD,2025-11-06,41.84
MTD,2026-02-05,42.79
MTD,2026-05-07,43.51
MTD,2026-07-30,44.88
MU,2021-06-30,4.72
MU,2021-09-28,6.06
MU,2021-12-20,7.4399999999999995
MU,2022-03-29,8.6
MU,2022-06-30,9.31
MU,2022-09-29,8.34
MU,2022-12-21,6.14
MU,2023-03-28,2.09
MU,2023-06-28,-1.93
MU,2023-09-27,-4.45
MU,2023-12-20,-5.359999999999999
MU,2024-03-20,-3.03
MU,2024-06-26,-0.98
MU,2024-09-25,1.27
MU,2024-12-18,4.01
MU,2025-03-20,5.15
MU,2025-06-25,6.4399999999999995
MU,2025-09-23,8.29
MU,2025-12-17,11.280000000000001
MU,2026-03-18,21.92
MU,2026-06-24,45.120000000000005
NCLH,2021-08-06,-8.64
NCLH,2021-11-03,-8.46
NCLH,2022-02-24,-8.08
NCLH,2022-05-10,-7.869999999999999
NCLH,2022-08-09,-7.08
NCLH,2022-11-08,-5.55
NCLH,2023-02-28,-4.64
NCLH,2023-05-01,-3.1199999999999997
NCLH,2023-08-01,-1.68
NCLH,2023-11-01,-0.28
NCLH,2024-02-27,0.5800000000000001
NCLH,2024-05-01,1.04
NCLH,2024-07-31,1.1400000000000001
NCLH,2024-10-31,1.37
NCLH,2025-02-27,1.81
NCLH,2025-04-30,1.72
NCLH,2025-07-31,1.8299999999999998
NCLH,2025-11-04,2.04
NCLH,2026-03-02,2.0599999999999996
NCLH,2026-05-04,2.2199999999999998
NCLH,2026-07-30,2.1899999999999995
NDAQ,2021-07-21,2.3200000000000003
NDAQ,2021-10-20,2.4
NDAQ,2022-01-26,2.51
NDAQ,2022-04-20,2.52
NDAQ,2022-07-20,2.58
NDAQ,2022-10-19,2.67
NDAQ,2023-01-25,2.67
NDAQ,2023-04-19,2.6999999999999997
NDAQ,2023-07-19,2.7199999999999998
NDAQ,2023-10-18,2.75
NDAQ,2024-01-31,2.83
NDAQ,2024-04-25,2.77
NDAQ,2024-07-25,2.75
NDAQ,2024-10-24,2.7800000000000002
NDAQ,2025-01-29,2.82
NDAQ,2025-04-24,2.98
NDAQ,2025-07-24,3.14
NDAQ,2025-10-21,3.2800000000000002
NDAQ,2026-01-29,3.48
NDAQ,2026-04-23,3.65
NDAQ,2026-07-23,3.87
NDSN,2021-05-24,6.45
NDSN,2021-08-30,7.45
NDSN,2021-12-15,7.74
NDSN,2022-02-22,8.49
NDSN,2022-05-23,8.8
NDSN,2022-08-22,8.870000000000001
NDSN,2022-12-14,9.43
NDSN,2023-02-20,9.31
NDSN,2023-05-22,9.14
NDSN,2023-08-21,9.0
NDSN,2023-12-13,9.02
NDSN,2024-02-21,9.28
NDSN,2024-05-20,9.36
NDSN,2024-08-21,9.42
NDSN,2024-12-11,9.739999999999998
NDSN,2025-02-19,9.59
NDSN,2025-05-28,9.67
NDSN,2025-08-20,9.99
NDSN,2025-12-10,10.24
NDSN,2026-02-18,10.549999999999999
NDSN,2026-05-20,10.989999999999998
NEE,2021-07-23,2.45
NEE,2021-10-20,2.5300000000000002
NEE,2022-01-25,2.5399999999999996
NEE,2022-04-21,2.61
NEE,2022-07-22,2.71
NEE,2022-10-28,2.81
NEE,2023-01-25,2.91
NEE,2023-04-25,3.01
NEE,2023-07-25,3.08
NEE,2023-10-24,3.17
NEE,2024-01-25,3.18
NEE,2024-04-23,3.25
NEE,2024-07-24,3.33
NEE,2024-10-23,3.42
NEE,2025-01-24,3.4299999999999997
NEE,2025-04-22,3.51
NEE,2025-07-23,3.5999999999999996
NEE,2025-10-28,3.7
NEE,2026-01-27,3.71
NEE,2026-04-23,3.81
NEE,2026-07-24,3.9099999999999997
NEM,2021-07-22,3.4899999999999998
NEM,2021-10-28,3.23
NEM,2022-02-24,2.95
NEM,2022-04-22,2.8999999999999995
NEM,2022-07-25,2.5300000000000002
NEM,2022-11-01,2.2
NEM,2023-02-23,1.8599999999999999
NEM,2023-04-27,1.57
NEM,2023-07-20,1.4400000000000002
NEM,2023-10-26,1.53
NEM,2024-02-22,1.5899999999999999
NEM,2024-04-25,1.74
NEM,2024-07-24,2.13
NEM,2024-10-23,2.58
NEM,2025-02-20,3.48
NEM,2025-04-23,4.18
NEM,2025-07-24,4.89
NEM,2025-10-23,5.79
NEM,2026-02-19,6.91
NEM,2026-04-23,8.56
NEM,2026-07-23,9.23
NFLX,2021-07-20,0.97
NFLX,2021-10-19,1.12
NFLX,2022-01-20,1.1300000000000001
NFLX,2022-04-19,1.1
NFLX,2022-07-19,1.1199999999999999
NFLX,2022-10-18,1.1099999999999999
NFLX,2023-01-19,0.99
NFLX,2023-04-18,0.9299999999999999
NFLX,2023-07-19,0.94
NFLX,2023-10-18,1.0
NFLX,2024-01-23,1.2
NFLX,2024-04-18,1.44
NFLX,2024-07-18,1.5999999999999999
NFLX,2024-10-17,1.77
NFLX,2025-01-21,1.99
NFLX,2025-04-17,2.12
NFLX,2025-07-17,2.35
NFLX,2025-10-21,2.4
NFLX,2026-01-20,2.5300000000000002
NFLX,2026-04-16,3.1
NFLX,2026-07-16,3.1799999999999997
NI,2021-08-04,1.33
NI,2021-11-03,1.35
NI,2022-02-23,1.4000000000000001
NI,2022-05-04,1.38
NI,2022-08-03,1.37
NI,2022-11-07,1.36
NI,2023-02-22,1.47
NI,2023-05-03,1.49
NI,2023-08-02,1.4800000000000002
NI,2023-10-31,1.57
NI,2024-02-21,1.6
NI,2024-05-08,1.6800000000000002
NI,2024-08-07,1.78
NI,2024-10-30,1.79
NI,2025-02-12,1.75
NI,2025-05-07,1.88
NI,2025-08-06,1.8900000000000001
NI,2025-10-29,1.8800000000000001
NI,2026-02-11,1.9000000000000001
NI,2026-05-06,1.98
NI,2026-08-05,1.92
NKE,2021-06-24,3.56
NKE,2021-09-23,3.7700000000000005
NKE,2021-12-20,3.82
NKE,2022-03-21,3.79
NKE,2022-06-27,3.76
NKE,2022-09-29,3.53
NKE,2022-12-20,3.5500000000000003
NKE,2023-03-21,3.47
NKE,2023-06-29,3.2300000000000004
NKE,2023-09-28,3.24
NKE,2023-12-21,3.42
NKE,2024-03-21,3.61
NKE,2024-06-27,3.9400000000000004
NKE,2024-10-01,3.6999999999999997
NKE,2024-12-19,3.45
NKE,2025-03-20,3.01
NKE,2025-06-26,2.1599999999999997
NKE,2025-09-30,1.9500000000000002
NKE,2025-12-18,1.7000000000000002
NKE,2026-03-31,1.51
NKE,2026-06-30,2.09
NOC,2021-07-29,25.47
NOC,2021-10-28,26.21
NOC,2022-01-27,25.619999999999997
NOC,2022-04-28,25.15
NOC,2022-07-28,24.79
NOC,2022-10-27,24.049999999999997
NOC,2023-01-26,25.549999999999997
NOC,2023-04-27,24.95
NOC,2023-07-27,24.23
NOC,2023-10-26,24.52
NOC,2024-01-25,23.29
NOC,2024-04-25,24.11
NOC,2024-07-25,25.13
NOC,2024-10-24,25.95
NOC,2025-01-30,26.07
NOC,2025-04-22,23.07
NOC,2025-07-22,24.86
NOC,2025-10-21,25.53
NOC,2026-01-27,26.37
NOC,2026-04-21,29.19
NOC,2026-07-21,28.72
NOW,2021-07-28,1.05
NOW,2021-10-27,1.12
NOW,2022-01-26,1.1800000000000002
NOW,2022-04-27,1.23
NOW,2022-07-27,1.27
NOW,2022-10-26,1.3499999999999999
NOW,2023-01-25,1.52
NOW,2023-04-26,1.6400000000000001
NOW,2023-07-26,1.79
NOW,2023-10-25,1.98
NOW,2024-01-24,2.14
NOW,2024-04-24,2.3499999999999996
NOW,2024-07-24,2.5100000000000002
NOW,2024-10-23,2.67
NOW,2025-01-29,2.78
NOW,2025-04-23,2.9099999999999997
NOW,2025-07-23,3.0999999999999996
NOW,2025-10-29,3.3200000000000003
NOW,2026-01-28,3.5100000000000002
NOW,2026-04-22,3.67
NOW,2026-07-22,3.75
NRG,2021-08-05,6.470000000000001
NRG,2021-11-04,6.2
NRG,2022-02-24,4.200000000000001
NRG,2022-05-06,4.180000000000001
NRG,2022-08-04,1.9400000000000004
NRG,2022-11-07,0.9300000000000004
NRG,2023-02-16,3.14
NRG,2023-05-04,3.63
NRG,2023-08-08,2.7199999999999998
NRG,2023-11-02,3.84
NRG,2024-02-28,5.01
NRG,2024-05-07,5.2
NRG,2024-08-08,7.32
NRG,2024-11-08,7.76
NRG,2025-02-26,7.640000000000001
NRG,2025-05-12,9.42
NRG,2025-08-06,7.78
NRG,2025-11-06,8.709999999999999
NRG,2026-02-24,8.23
NRG,2026-05-06,7.04
NRG,2026-08-04,6.8
NSC,2021-07-28,11.09
NSC,2021-10-27,11.64
NSC,2022-01-26,12.12
NSC,2022-04-27,12.39
NSC,2022-07-27,12.56
NSC,2022-10-26,13.25
NSC,2023-01-25,13.55
NSC,2023-04-26,13.940000000000001
NSC,2023-07-27,13.44
NSC,2023-10-25,12.34
NSC,2024-01-26,11.75
NSC,2024-04-24,11.719999999999999
NSC,2024-07-25,11.83
NSC,2024-10-22,12.43
NSC,2025-01-29,12.64
NSC,2025-04-23,12.040000000000001
NSC,2025-07-29,12.27
NSC,2025-10-23,12.32
NSC,2026-01-29,12.5
NSC,2026-04-24,12.46
NSC,2026-07-23,12.690000000000001
NTAP,2021-06-02,4.05
NTAP,2021-08-25,4.47
NTAP,2021-11-30,4.7
NTAP,2022-02-23,5.039999999999999
NTAP,2022-06-01,5.289999999999999
NTAP,2022-08-24,5.34
NTAP,2022-11-29,5.54
NTAP,2023-02-22,5.47
NTAP,2023-05-31,5.590000000000001
NTAP,2023-08-23,5.54
NTAP,2023-11-28,5.64
NTAP,2024-02-29,6.21
NTAP,2024-05-30,6.47
NTAP,2024-08-28,6.880000000000001
NTAP,2024-11-21,7.17
NTAP,2025-02-27,7.14
NTAP,2025-05-29,7.27
NTAP,2025-08-27,7.26
NTAP,2025-11-25,7.44
NTAP,2026-02-26,7.65
NTAP,2026-05-28,8.15
NTRS,2021-07-21,5.86
NTRS,2021-10-20,6.34
NTRS,2022-01-20,7.13
NTRS,2022-04-26,7.199999999999999
NTRS,2022-07-20,7.34
NTRS,2022-10-19,7.34
NTRS,2023-01-19,6.14
NTRS,2023-04-25,5.880000000000001
NTRS,2023-07-19,5.58
NTRS,2023-10-18,5.2700000000000005
NTRS,2024-01-18,5.08
NTRS,2024-04-16,4.53
NTRS,2024-07-17,7.3100000000000005
NTRS,2024-10-23,8.040000000000001
NTRS,2025-01-23,9.780000000000001
NTRS,2025-04-22,10.719999999999999
NTRS,2025-07-23,8.510000000000002
NTRS,2025-10-22,8.58
NTRS,2026-01-22,8.74
NTRS,2026-04-21,9.55
NTRS,2026-07-22,11.650000000000002
NUE,2021-07-22,11.33
NUE,2021-10-21,17.96
NUE,2022-01-27,23.65
NUE,2022-04-21,28.17
NUE,2022-07-21,32.660000000000004
NUE,2022-10-20,31.880000000000003
NUE,2023-01-26,28.73
NUE,2023-04-20,25.510000000000005
NUE,2023-07-24,21.650000000000002
NUE,2023-10-23,19.720000000000002
NUE,2024-01-29,17.990000000000002
NUE,2024-04-22,17.0
NUE,2024-07-22,13.870000000000003
NUE,2024-10-21,10.790000000000001
NUE,2025-01-27,8.850000000000001
NUE,2025-04-28,6.160000000000002
NUE,2025-07-28,6.130000000000002
NUE,2025-10-27,7.270000000000001
NUE,2026-01-26,7.780000000000001
NUE,2026-04-27,10.240000000000002
NUE,2026-07-27,12.430000000000001
NVDA,2021-05-26,0.29000000000000004
NVDA,2021-08-18,0.34
NVDA,2021-11-17,0.39
NVDA,2022-02-16,0.44
NVDA,2022-05-25,0.49
NVDA,2022-08-24,0.44
NVDA,2022-11-16,0.38
NVDA,2023-02-22,0.34
NVDA,2023-05-24,0.31
NVDA,2023-08-23,0.53
NVDA,2023-11-21,0.8700000000000001
NVDA,2024-02-21,1.3000000000000003
NVDA,2024-05-22,1.8
NVDA,2024-08-28,2.21
NVDA,2024-11-20,2.62
NVDA,2025-02-26,2.99
NVDA,2025-05-28,3.1900000000000004
NVDA,2025-08-27,3.5600000000000005
NVDA,2025-11-19,4.050000000000001
NVDA,2026-02-25,4.78
NVDA,2026-05-20,5.84
NVR,2021-07-21,287.70000000000005
NVR,2021-10-21,309.03
NVR,2022-02-01,321.19
NVR,2022-04-26,374.54
NVR,2022-07-26,415.74
NVR,2022-10-25,447.81
NVR,2023-01-31,492.16
NVR,2023-04-25,475.49
NVR,2023-07-25,468.38000000000005
NVR,2023-10-24,475.13
NVR,2024-01-30,463.25
NVR,2024-04-23,479.77000000000004
NVR,2024-07-23,483.92
NVR,2024-10-22,489.16
NVR,2025-01-28,507.53000000000003
NVR,2025-04-22,485.95
NVR,2025-07-23,473.8
NVR,2025-10-22,455.63
NVR,2026-01-28,437.24
NVR,2026-04-22,410.17
NVR,2026-07-23,385.59000000000003
NWS,2021-08-05,0.67
NWS,2021-11-04,0.8200000000000001
NWS,2022-02-03,0.92
NWS,2022-05-05,0.9900000000000001
NWS,2022-08-08,1.2000000000000002
NWS,2022-11-08,1.09
NWS,2023-02-09,0.79
NWS,2023-05-11,0.72
NWS,2023-08-10,0.49
NWS,2023-11-09,0.53
NWS,2024-02-07,0.65
NWS,2024-05-08,0.67
NWS,2024-08-08,0.7000000000000001
NWS,2024-11-07,0.75
NWS,2025-02-05,0.8200000000000001
NWS,2025-05-08,0.8800000000000001
NWS,2025-08-05,0.9
NWS,2025-11-06,0.9100000000000001
NWS,2026-02-05,0.98
NWS,2026-05-07,1.02
NWS,2026-08-05,1.1800000000000002
NWSA,2021-08-05,0.67
NWSA,2021-11-04,0.8200000000000001
NWSA,2022-02-03,0.92
NWSA,2022-05-05,0.9900000000000001
NWSA,2022-08-08,1.2000000000000002
NWSA,2022-11-08,1.09
NWSA,2023-02-09,0.79
NWSA,2023-05-11,0.72
NWSA,2023-08-10,0.49
NWSA,2023-11-09,0.53
NWSA,2024-02-07,0.65
NWSA,2024-05-08,0.67
NWSA,2024-08-08,0.7000000000000001
NWSA,2024-11-07,0.75
NWSA,2025-02-05,0.8200000000000001
NWSA,2025-05-08,0.8800000000000001
NWSA,2025-08-05,0.9
NWSA,2025-11-06,0.9100000000000001
NWSA,2026-02-05,0.98
NWSA,2026-05-07,1.02
NWSA,2026-08-05,1.1800000000000002
NXPI,2021-08-01,8.540000000000001
NXPI,2021-11-01,9.76
NXPI,2022-01-31,10.74
NXPI,2022-05-02,11.799999999999999
NXPI,2022-07-25,12.93
NXPI,2022-10-31,13.9
NXPI,2023-01-30,14.43
NXPI,2023-05-01,14.25
NXPI,2023-07-24,14.16
NXPI,2023-11-06,14.05
NXPI,2024-02-05,14.030000000000001
NXPI,2024-04-29,14.080000000000002
NXPI,2024-07-22,13.850000000000001
NXPI,2024-11-04,13.600000000000001
NXPI,2025-02-03,13.07
NXPI,2025-04-28,12.470000000000002
NXPI,2025-07-21,11.99
NXPI,2025-10-27,11.649999999999999
NXPI,2026-02-02,11.82
NXPI,2026-04-28,12.229999999999999
NXPI,2026-07-28,13.120000000000001
O,2021-08-02,1.03
O,2021-11-01,1.3399999999999999
O,2022-02-22,1.13
O,2022-05-04,1.22
O,2022-08-03,1.22
O,2022-11-02,1.2
O,2023-02-21,1.44
O,2023-05-03,1.43
O,2023-08-02,1.35
O,2023-11-06,1.32
O,2024-02-20,1.27
O,2024-05-06,1.19
O,2024-08-05,1.2
O,2024-11-04,1.18
O,2025-02-24,1.09
O,2025-05-05,1.1099999999999999
O,2025-08-06,1.03
O,2025-11-03,1.08
O,2026-02-24,1.19
O,2026-05-06,1.25
O,2026-08-05,1.4
ODFL,2021-07-28,3.6799999999999997
ODFL,2021-10-27,4.0600000000000005
ODFL,2022-02-02,4.46
ODFL,2022-04-27,4.91
ODFL,2022-07-27,5.3999999999999995
ODFL,2022-10-26,5.84
ODFL,2023-02-01,6.09
ODFL,2023-04-26,6.08
ODFL,2023-07-26,5.73
ODFL,2023-10-25,5.6000000000000005
ODFL,2024-01-31,5.61
ODFL,2024-04-24,5.66
ODFL,2024-07-24,5.84
ODFL,2024-10-23,5.72
ODFL,2025-02-05,5.48
ODFL,2025-04-23,5.33
ODFL,2025-07-30,5.12
ODFL,2025-10-29,4.970000000000001
ODFL,2026-02-04,4.83
ODFL,2026-04-29,4.78
ODFL,2026-07-29,5.1899999999999995
OKE,2021-08-03,3.03
OKE,2021-11-02,3.21
OKE,2022-02-28,3.36
OKE,2022-05-03,3.37
OKE,2022-08-08,3.52
OKE,2022-11-01,3.5999999999999996
OKE,2023-02-27,3.83
OKE,2023-05-02,5.3
OKE,2023-08-07,5.42
OKE,2023-10-31,5.45
OKE,2024-02-26,5.55
OKE,2024-04-30,4.3
OKE,2024-08-05,4.59
OKE,2024-10-29,4.779999999999999
OKE,2025-02-24,5.17
OKE,2025-04-29,5.12
OKE,2025-08-04,5.130000000000001
OKE,2025-10-28,5.44
OKE,2026-02-23,5.42
OKE,2026-04-28,5.68
OKE,2026-08-03,5.87
OMC,2021-07-20,5.78
OMC,2021-10-19,6.22
OMC,2022-02-08,6.430000000000001
OMC,2022-04-19,6.489999999999999
OMC,2022-07-19,6.83
OMC,2022-10-18,6.95
OMC,2023-02-07,6.93
OMC,2023-04-18,7.1
OMC,2023-07-18,7.23
OMC,2023-10-17,7.32
OMC,2024-02-06,7.430000000000001
OMC,2024-04-16,7.540000000000001
OMC,2024-07-16,7.680000000000001
OMC,2024-10-15,7.85
OMC,2025-02-04,8.059999999999999
OMC,2025-04-15,8.09
OMC,2025-07-15,8.19
OMC,2025-10-21,8.4
OMC,2026-02-18,8.58
OMC,2026-04-28,8.78
OMC,2026-07-28,9.379999999999999
ON,2021-08-02,1.6
ON,2021-11-01,2.2
ON,2022-02-07,2.94
ON,2022-05-02,3.8099999999999996
ON,2022-08-01,4.52
ON,2022-10-31,5.1
ON,2023-02-06,5.33
ON,2023-05-01,5.300000000000001
ON,2023-07-31,5.29
ON,2023-10-30,5.2299999999999995
ON,2024-02-05,5.16
ON,2024-04-29,5.05
ON,2024-07-29,4.68
ON,2024-10-28,4.28
ON,2025-02-10,3.9800000000000004
ON,2025-05-05,3.45
ON,2025-08-04,3.0200000000000005
ON,2025-11-03,2.66
ON,2026-02-09,2.35
ON,2026-05-04,2.44
ON,2026-08-03,2.65
ORCL,2021-06-15,4.69
ORCL,2021-09-13,4.79
ORCL,2021-12-09,4.9399999999999995
ORCL,2022-03-10,4.91
ORCL,2022-06-13,4.91
ORCL,2022-09-12,4.91
ORCL,2022-12-12,4.91
ORCL,2023-03-09,5.0
ORCL,2023-06-12,5.13
ORCL,2023-09-11,5.289999999999999
ORCL,2023-12-11,5.42
ORCL,2024-03-11,5.609999999999999
ORCL,2024-06-11,5.57
ORCL,2024-09-09,5.7700000000000005
ORCL,2024-12-09,5.8999999999999995
ORCL,2025-03-10,5.96
ORCL,2025-06-11,6.03
ORCL,2025-09-09,6.109999999999999
ORCL,2025-12-10,6.8999999999999995
ORCL,2026-03-10,7.22
ORCL,2026-06-10,7.629999999999999
ORLY,2021-07-28,1.8599999999999999
ORLY,2021-10-27,1.9300000000000002
ORLY,2022-02-09,2.08
ORLY,2022-04-27,2.09
ORLY,2022-07-27,2.12
ORLY,2022-10-26,2.19
ORLY,2023-02-08,2.24
ORLY,2023-04-26,2.31
ORLY,2023-07-26,2.4000000000000004
ORLY,2023-10-25,2.5
ORLY,2024-02-07,2.56
ORLY,2024-04-24,2.62
ORLY,2024-07-24,2.6399999999999997
ORLY,2024-10-23,2.69
ORLY,2025-02-05,2.6999999999999997
ORLY,2025-04-23,2.71
ORLY,2025-07-23,2.79
ORLY,2025-10-22,2.88
ORLY,2026-02-04,2.96
ORLY,2026-04-29,3.06
ORLY,2026-07-29,3.14
OTIS,2021-07-26,2.86
OTIS,2021-10-25,2.94
OTIS,2022-01-31,3.0
OTIS,2022-04-25,3.0500000000000003
OTIS,2022-07-27,3.12
OTIS,2022-10-26,3.1500000000000004
OTIS,2023-02-01,3.1799999999999997
OTIS,2023-04-26,3.21
OTIS,2023-07-26,3.27
OTIS,2023-10-25,3.42
OTIS,2024-01-31,3.54
OTIS,2024-04-24,3.62
OTIS,2024-07-24,3.7600000000000002
OTIS,2024-10-30,3.77
OTIS,2025-01-29,3.8300000000000005
OTIS,2025-04-23,3.87
OTIS,2025-07-23,3.8600000000000003
OTIS,2025-10-29,3.95
OTIS,2026-01-28,4.05
OTIS,2026-04-22,4.0200000000000005
OTIS,2026-07-22,3.9800000000000004
OXY,2021-08-03,-1.45
OXY,2021-11-04,0.26
OXY,2022-02-24,2.52
OXY,2022-05-10,4.79
OXY,2022-08-02,7.63
OXY,2022-11-08,9.2
OXY,2023-02-27,9.33
OXY,2023-05-09,8.3
OXY,2023-08-02,5.82
OXY,2023-11-07,4.5600000000000005
OXY,2024-02-14,3.6899999999999995
OXY,2024-05-07,3.23
OXY,2024-08-07,3.5799999999999996
OXY,2024-11-12,3.4
OXY,2025-02-18,3.46
OXY,2025-05-07,3.6999999999999997
OXY,2025-08-06,3.06
OXY,2025-11-10,2.7
OXY,2026-02-18,2.21
OXY,2026-05-05,2.4
OXY,2026-08-05,4.41
PANW,2021-05-20,1.01
PANW,2021-08-23,1.03
PANW,2021-11-18,1.03
PANW,2022-02-22,1.06
PANW,2022-05-19,1.13
PANW,2022-08-22,1.26
PANW,2022-11-17,1.41
PANW,2023-02-21,1.65
PANW,2023-05-23,1.87
PANW,2023-08-18,2.19
PANW,2023-11-15,2.46
PANW,2024-02-20,2.66
PANW,2024-05-20,2.8
PANW,2024-08-19,2.8400000000000003
PANW,2024-11-20,2.93
PANW,2025-02-13,3.0100000000000002
PANW,2025-05-20,3.1500000000000004
PANW,2025-08-18,3.34
PANW,2025-11-19,3.49
PANW,2026-02-17,3.71
PANW,2026-06-02,3.76
PAYX,2021-06-25,3.04
PAYX,2021-09-30,3.3
PAYX,2021-12-22,3.48
PAYX,2022-03-30,3.67
PAYX,2022-06-29,3.76
PAYX,2022-09-28,3.9000000000000004
PAYX,2022-12-22,3.98
PAYX,2023-03-29,4.12
PAYX,2023-06-29,4.28
PAYX,2023-09-27,4.39
PAYX,2023-12-21,4.48
PAYX,2024-04-02,4.57
PAYX,2024-06-26,4.720000000000001
PAYX,2024-10-01,4.74
PAYX,2024-12-19,4.8
PAYX,2025-03-26,4.91
PAYX,2025-06-25,4.9799999999999995
PAYX,2025-09-30,5.039999999999999
PAYX,2025-12-19,5.16
PAYX,2026-03-25,5.38
PAYX,2026-06-24,5.51
PCAR,2021-07-27,3.36
PCAR,2021-10-26,3.3400000000000003
PCAR,2022-01-25,3.54
PCAR,2022-04-26,3.79
PCAR,2022-07-26,4.23
PCAR,2022-10-25,4.9799999999999995
PCAR,2023-01-24,5.76
PCAR,2023-04-25,6.01
PCAR,2023-07-25,6.960000000000001
PCAR,2023-10-24,7.83
PCAR,2024-01-23,8.77
PCAR,2024-04-30,9.64
PCAR,2024-07-23,9.44
PCAR,2024-10-22,8.95
PCAR,2025-01-28,7.91
PCAR,2025-04-29,6.6
PCAR,2025-07-22,5.84
PCAR,2025-10-21,5.11
PCAR,2026-01-27,4.51
PCAR,2026-04-28,4.7
PCAR,2026-07-28,4.76
PCG,2021-07-29,0.93
PCG,2021-11-01,0.9500000000000001
PCG,2022-02-10,1.02
PCG,2022-04-28,1.09
PCG,2022-07-28,1.07
PCG,2022-10-27,1.12
PCG,2023-02-23,1.1
PCG,2023-05-04,1.0899999999999999
PCG,2023-07-27,1.0699999999999998
PCG,2023-10-26,1.02
PCG,2024-02-22,1.23
PCG,2024-04-25,1.31
PCG,2024-07-25,1.39
PCG,2024-11-07,1.52
PCG,2025-02-13,1.3599999999999999
PCG,2025-04-24,1.32
PCG,2025-07-31,1.3199999999999998
PCG,2025-10-23,1.4500000000000002
PCG,2026-02-12,1.5
PCG,2026-04-23,1.5999999999999999
PCG,2026-07-23,1.6900000000000002
PEG,2021-08-03,3.59
PEG,2021-11-02,3.6100000000000003
PEG,2022-02-24,3.6500000000000004
PEG,2022-05-03,3.7
PEG,2022-08-02,3.6399999999999997
PEG,2022-10-31,3.5200000000000005
PEG,2023-02-21,3.4699999999999998
PEG,2023-05-02,3.53
PEG,2023-08-01,3.59
PEG,2023-10-31,3.5799999999999996
PEG,2024-02-26,3.48
PEG,2024-04-30,3.4
PEG,2024-07-30,3.33
PEG,2024-11-04,3.38
PEG,2025-02-25,3.68
PEG,2025-04-30,3.8
PEG,2025-08-05,3.94
PEG,2025-11-03,4.17
PEG,2026-02-26,4.05
PEG,2026-05-05,4.17
PEG,2026-08-04,4.26
PEP,2021-07-13,6.06
PEP,2021-10-05,6.1899999999999995
PEP,2022-02-10,6.25
PEP,2022-04-26,6.33
PEP,2022-07-12,6.470000000000001
PEP,2022-10-12,6.65
PEP,2023-02-09,6.79
PEP,2023-04-25,7.0
PEP,2023-07-13,7.2299999999999995
PEP,2023-10-10,7.51
PEP,2024-02-09,7.62
PEP,2024-04-23,7.73
PEP,2024-07-11,7.92
PEP,2024-10-08,7.98
PEP,2025-02-04,8.16
PEP,2025-04-24,8.030000000000001
PEP,2025-07-17,7.87
PEP,2025-10-09,7.8500000000000005
PEP,2026-02-03,8.15
PEP,2026-04-16,8.28
PEP,2026-07-09,8.36
PFE,2021-07-28,3.14
PFE,2021-11-02,3.76
PFE,2022-02-08,4.42
PFE,2022-05-03,5.11
PFE,2022-07-28,6.08
PFE,2022-11-01,6.5200000000000005
PFE,2023-01-31,6.58
PFE,2023-05-02,6.1899999999999995
PFE,2023-08-01,4.82
PFE,2023-10-31,2.8699999999999997
PFE,2024-01-30,1.83
PFE,2024-05-01,1.42
PFE,2024-07-30,1.3499999999999999
PFE,2024-10-29,2.58
PFE,2025-02-04,3.11
PFE,2025-04-29,3.21
PFE,2025-08-05,3.3899999999999997
PFE,2025-11-04,3.1999999999999997
PFE,2026-02-03,3.23
PFE,2026-05-05,3.0599999999999996
PFE,2026-08-04,3.05
PFG,2021-07-27,5.5600000000000005
PFG,2021-10-26,6.4
PFG,2022-02-07,6.77
PFG,2022-04-28,6.869999999999999
PFG,2022-08-08,6.82
PFG,2022-10-27,6.82
PFG,2023-01-30,6.67
PFG,2023-04-27,6.52
PFG,2023-07-27,6.4
PFG,2023-10-26,6.430000000000001
PFG,2024-02-12,6.5600000000000005
PFG,2024-04-24,6.7299999999999995
PFG,2024-07-25,6.829999999999999
PFG,2024-10-24,6.869999999999999
PFG,2025-02-06,6.9799999999999995
PFG,2025-04-24,7.140000000000001
PFG,2025-07-28,7.67
PFG,2025-10-27,8.010000000000002
PFG,2026-02-09,8.26
PFG,2026-04-23,8.52
PFG,2026-07-27,8.86
PG,2021-07-30,5.66
PG,2021-10-19,5.64
PG,2022-01-19,5.66
PG,2022-04-20,5.73
PG,2022-07-29,5.81
PG,2022-10-19,5.7700000000000005
PG,2023-01-19,5.7
PG,2023-04-21,5.74
PG,2023-07-28,5.9
PG,2023-10-18,6.16
PG,2024-01-23,6.41
PG,2024-04-19,6.5600000000000005
PG,2024-07-30,6.59
PG,2024-10-18,6.6899999999999995
PG,2025-01-22,6.73
PG,2025-04-24,6.75
PG,2025-07-29,6.83
PG,2025-10-24,6.890000000000001
PG,2026-01-22,6.89
PG,2026-04-24,6.9399999999999995
PG,2026-07-29,6.89
PGR,2021-07-15,6.15
PGR,2021-10-14,4.42
PGR,2022-01-26,3.66
PGR,2022-04-14,3.09
PGR,2022-07-15,3.17
PGR,2022-10-13,3.55
PGR,2023-01-25,3.98
PGR,2023-04-13,3.49
PGR,2023-08-01,3.12
PGR,2023-10-31,4.699999999999999
PGR,2024-01-24,6.16
PGR,2024-04-12,9.26
PGR,2024-07-16,11.49
PGR,2024-10-15,12.96
PGR,2025-01-28,14.07
PGR,2025-04-16,14.96
PGR,2025-07-16,17.19
PGR,2025-10-15,17.66
PGR,2026-01-28,18.25
PGR,2026-04-15,18.56
PGR,2026-07-15,18.53
PH,2021-08-05,15.0
PH,2021-11-04,16.189999999999998
PH,2022-02-03,17.21
PH,2022-05-05,17.93
PH,2022-08-04,18.71
PH,2022-11-03,19.19
PH,2023-02-02,19.49
PH,2023-05-04,20.59
PH,2023-08-03,21.51
PH,2023-11-02,22.729999999999997
PH,2024-02-01,24.12
PH,2024-05-02,24.700000000000003
PH,2024-08-08,25.39
PH,2024-10-31,25.63
PH,2025-01-30,26.009999999999998
PH,2025-05-01,26.44
PH,2025-08-07,27.360000000000003
PH,2025-11-06,28.38
PH,2026-01-29,29.500000000000004
PH,2026-04-30,30.73
PH,2026-08-06,32.31
PHM,2021-07-27,5.859999999999999
PHM,2021-10-26,6.34
PHM,2022-02-01,7.359999999999999
PHM,2022-04-28,8.059999999999999
PHM,2022-07-26,8.889999999999999
PHM,2022-10-25,9.76
PHM,2023-01-31,11.1
PHM,2023-04-25,11.620000000000001
PHM,2023-07-25,11.89
PHM,2023-10-24,12.1
PHM,2024-01-30,11.77
PHM,2024-04-23,12.52
PHM,2024-07-23,13.1
PHM,2024-10-22,13.55
PHM,2025-01-30,14.46
PHM,2025-04-22,13.93
PHM,2025-07-22,13.379999999999999
PHM,2025-10-21,12.989999999999998
PHM,2026-01-29,11.44
PHM,2026-04-23,10.66
PHM,2026-07-22,10.11
PKG,2021-07-26,6.84
PKG,2021-10-25,7.959999999999999
PKG,2022-01-26,9.389999999999999
PKG,2022-04-25,10.34
PKG,2022-07-25,11.4
PKG,2022-10-24,11.540000000000001
PKG,2023-01-25,11.13
PKG,2023-04-24,10.61
PKG,2023-07-24,9.69
PKG,2023-10-23,8.91
PKG,2024-01-24,8.69
PKG,2024-04-22,8.209999999999999
PKG,2024-07-23,8.1
PKG,2024-10-22,8.700000000000001
PKG,2025-01-28,9.04
PKG,2025-04-22,9.63
PKG,2025-07-23,9.91
PKG,2025-10-22,9.99
PKG,2026-01-27,9.84
PKG,2026-04-22,9.93
PKG,2026-07-22,9.8
PLD,2021-07-19,2.08
PLD,2021-10-15,2.6500000000000004
PLD,2022-01-19,3.9400000000000004
PLD,2022-04-19,4.95
PLD,2022-07-18,4.94
PLD,2022-10-19,5.29
PLD,2023-01-18,4.24
PLD,2023-04-18,3.2399999999999998
PLD,2023-07-18,3.75
PLD,2023-10-17,3.2299999999999995
PLD,2024-01-17,3.29
PLD,2024-04-17,3.42
PLD,2024-07-17,3.0300000000000002
PLD,2024-10-16,3.3100000000000005
PLD,2025-01-21,4.0
PLD,2025-04-16,3.9900000000000007
PLD,2025-07-16,3.67
PLD,2025-10-15,3.39
PLD,2026-01-21,3.48
PLD,2026-04-16,3.88
PLD,2026-07-16,4.390000000000001
PLTR,2021-08-12,0.2
PLTR,2021-11-09,0.18
PLTR,2022-02-17,0.14
PLTR,2022-05-09,0.12
PLTR,2022-08-08,0.07
PLTR,2022-11-07,0.04
PLTR,2023-02-13,0.06
PLTR,2023-05-08,0.09
PLTR,2023-08-07,0.15000000000000002
PLTR,2023-11-02,0.21000000000000002
PLTR,2024-02-05,0.25000000000000006
PLTR,2024-05-06,0.28
PLTR,2024-08-05,0.32000000000000006
PLTR,2024-11-04,0.35000000000000003
PLTR,2025-02-03,0.41000000000000003
PLTR,2025-05-05,0.46
PLTR,2025-08-04,0.53
PLTR,2025-11-03,0.64
PLTR,2026-02-02,0.75
PLTR,2026-05-04,0.95
PLTR,2026-08-03,1.2
PM,2021-07-20,5.82
PM,2021-10-19,5.98
PM,2022-02-10,6.07
PM,2022-04-21,6.0600000000000005
PM,2022-07-21,5.97
PM,2022-10-20,5.92
PM,2023-02-09,5.96
PM,2023-04-20,5.779999999999999
PM,2023-07-20,5.9
PM,2023-10-19,6.04
PM,2024-02-08,6.01
PM,2024-04-23,6.130000000000001
PM,2024-07-23,6.12
PM,2024-10-22,6.359999999999999
PM,2025-02-06,6.550000000000001
PM,2025-04-23,6.74
PM,2025-07-22,7.06
PM,2025-10-21,7.390000000000001
PM,2026-02-06,7.54
PM,2026-04-22,7.8100000000000005
PM,2026-07-22,8.100000000000001
PNC,2021-07-14,13.18
PNC,2021-10-15,13.09
PNC,2022-01-18,12.69
PNC,2022-04-14,11.82
PNC,2022-07-15,12.780000000000001
PNC,2022-10-14,13.26
PNC,2023-01-18,13.870000000000001
PNC,2023-04-14,14.62
PNC,2023-07-18,14.59
PNC,2023-10-13,14.41
PNC,2024-01-16,12.790000000000001
PNC,2024-04-16,11.91
PNC,2024-07-16,11.940000000000001
PNC,2024-10-15,11.83
PNC,2025-01-16,13.75
PNC,2025-04-15,14.16
PNC,2025-07-16,14.620000000000001
PNC,2025-10-15,15.48
PNC,2026-01-16,16.59
PNC,2026-04-15,17.21
PNC,2026-07-15,18.169999999999998
PNR,2021-07-27,3.05
PNR,2021-10-26,3.2399999999999998
PNR,2022-02-01,3.35
PNR,2022-04-21,3.39
PNR,2022-07-26,3.5700000000000003
PNR,2022-10-25,3.67
PNR,2023-01-31,3.68
PNR,2023-04-27,3.74
PNR,2023-07-27,3.75
PNR,2023-10-24,3.67
PNR,2024-01-30,3.7199999999999998
PNR,2024-04-23,3.75
PNR,2024-07-23,3.94
PNR,2024-10-22,4.12
PNR,2025-02-04,4.33
PNR,2025-04-22,4.5
PNR,2025-07-22,4.67
PNR,2025-10-21,4.82
PNR,2026-02-03,4.92
PNR,2026-04-28,5.029999999999999
PNR,2026-07-28,4.78
PNW,2021-08-05,5.13
PNW,2021-11-05,5.0600000000000005
PNW,2022-02-25,5.47
PNW,2022-05-04,5.3
PNW,2022-08-03,4.84
PNW,2022-11-03,4.72
PNW,2023-02-27,4.27
PNW,2023-05-04,4.09
PNW,2023-08-03,3.58
PNW,2023-11-02,4.2
PNW,2024-05-02,4.5600000000000005
PNW,2024-08-01,6.3500000000000005
PNW,2024-11-06,8.780000000000001
PNW,2025-02-25,5.220000000000001
PNW,2025-05-01,5.03
PNW,2025-08-06,4.85
PNW,2025-11-03,4.87
PNW,2026-02-25,5.06
PNW,2026-05-04,5.37
PNW,2026-08-04,5.220000000000001
PODD,2021-11-04,0.47
PODD,2022-02-23,0.73
PODD,2022-05-05,1.1800000000000002
PODD,2022-08-04,0.9500000000000002
PODD,2022-11-03,1.16
PODD,2023-02-23,1.28
PODD,2023-05-04,1.11
PODD,2023-08-08,1.57
PODD,2023-11-02,1.87
PODD,2024-02-22,2.7199999999999998
PODD,2024-05-09,3.2199999999999998
PODD,2024-08-08,3.3899999999999997
PODD,2024-11-07,3.58
PODD,2025-02-20,3.33
PODD,2025-05-08,3.62
PODD,2025-08-07,4.24
PODD,2025-11-06,4.58
PODD,2026-02-18,4.98
PODD,2026-05-06,5.38
PODD,2026-08-05,5.87
PPG,2021-07-19,7.34
PPG,2021-10-20,7.1
PPG,2022-01-20,6.7700000000000005
PPG,2022-04-21,6.260000000000001
PPG,2022-07-21,6.13
PPG,2022-10-19,6.1
PPG,2023-01-19,6.06
PPG,2023-04-20,6.51
PPG,2023-07-20,6.95
PPG,2023-10-18,7.359999999999999
PPG,2024-01-18,7.67
PPG,2024-04-18,7.71
PPG,2024-07-18,7.96
PPG,2024-10-16,8.02
PPG,2025-01-30,8.1
PPG,2025-04-29,7.96
PPG,2025-07-29,7.68
PPG,2025-10-28,7.68
PPG,2026-01-27,7.58
PPG,2026-04-28,7.69
PPG,2026-07-28,7.7
PPL,2021-08-05,1.64
PPL,2021-11-04,1.4200000000000002
PPL,2022-02-18,1.05
PPL,2022-05-05,1.18
PPL,2022-08-03,1.29
PPL,2022-11-04,1.3399999999999999
PPL,2023-02-17,1.4
PPL,2023-05-04,1.47
PPL,2023-08-04,1.46
PPL,2023-11-02,1.48
PPL,2024-02-16,1.6
PPL,2024-05-01,1.6600000000000001
PPL,2024-08-02,1.75
PPL,2024-11-01,1.74
PPL,2025-02-13,1.68
PPL,2025-04-30,1.7400000000000002
PPL,2025-07-31,1.68
PPL,2025-11-05,1.74
PPL,2026-02-20,1.81
PPL,2026-05-08,1.8399999999999999
PPL,2026-08-07,1.85
PRU,2021-08-03,14.04
PRU,2021-11-02,14.61
PRU,2022-02-03,14.86
PRU,2022-05-03,13.92
PRU,2022-08-02,11.87
PRU,2022-11-01,10.219999999999999
PRU,2023-02-07,9.46
PRU,2023-05-02,8.95
PRU,2023-08-01,10.15
PRU,2023-11-01,11.459999999999999
PRU,2024-02-06,11.62
PRU,2024-04-30,12.080000000000002
PRU,2024-08-01,12.53
PRU,2024-10-30,12.57
PRU,2025-02-04,12.95
PRU,2025-04-30,13.12
PRU,2025-07-30,13.31
PRU,2025-10-29,13.84
PRU,2026-02-03,14.18
PRU,2026-05-05,14.5
PRU,2026-08-04,15.0
PSA,2021-08-03,7.26
PSA,2021-11-01,8.370000000000001
PSA,2022-02-22,9.870000000000001
PSA,2022-05-03,10.29
PSA,2022-08-04,11.739999999999998
PSA,2022-11-01,12.53
PSA,2023-02-21,12.21
PSA,2023-05-03,12.370000000000001
PSA,2023-08-02,11.93
PSA,2023-10-30,11.82
PSA,2024-02-20,11.5
PSA,2024-04-30,11.1
PSA,2024-07-30,10.709999999999999
PSA,2024-10-30,10.07
PSA,2025-02-24,10.05
PSA,2025-04-30,10.079999999999998
PSA,2025-07-30,10.07
PSA,2025-10-29,10.129999999999999
PSA,2026-02-12,10.23
PSA,2026-04-27,10.280000000000001
PSA,2026-07-29,10.15
PSKY,2021-08-05,4.44
PSKY,2021-11-04,4.29
PSKY,2022-02-15,3.51
PSKY,2022-05-03,2.59
PSKY,2022-08-04,2.26
PSKY,2022-11-02,1.8900000000000001
PSKY,2023-02-16,1.71
PSKY,2023-05-04,1.2
PSKY,2023-08-07,0.66
PSKY,2023-11-02,0.5700000000000001
PSKY,2024-02-28,0.53
PSKY,2024-04-29,1.06
PSKY,2024-08-08,1.5
PSKY,2024-11-08,1.69
PSKY,2025-02-26,1.54
PSKY,2025-05-08,1.21
PSKY,2025-07-31,1.13
PSKY,2025-11-10,0.52
PSKY,2026-02-25,0.51
PSKY,2026-05-04,0.45000000000000007
PSKY,2026-08-04,0.17
PSX,2021-08-03,-1.5899999999999999
PSX,2021-10-29,1.6000000000000003
PSX,2022-01-28,5.7
PSX,2022-04-29,8.18
PSX,2022-07-29,14.21
PSX,2022-11-01,17.490000000000002
PSX,2023-01-31,18.549999999999997
PSX,2023-05-03,21.439999999999998
PSX,2023-08-02,18.54
PSX,2023-10-27,16.71
PSX,2024-01-31,15.8
PSX,2024-04-26,13.489999999999998
PSX,2024-07-30,11.93
PSX,2024-10-29,9.34
PSX,2025-01-31,6.1
PSX,2025-04-25,3.3
PSX,2025-07-25,3.37
PSX,2025-10-29,3.85
PSX,2026-02-04,6.470000000000001
PSX,2026-04-29,7.86
PSX,2026-08-05,14.89
PTC,2021-07-28,3.66
PTC,2021-11-03,3.98
PTC,2022-01-26,3.96
PTC,2022-04-27,4.27
PTC,2022-07-27,4.41
PTC,2022-11-02,4.58
PTC,2023-02-01,4.619999999999999
PTC,2023-04-26,4.39
PTC,2023-07-26,4.41
PTC,2023-11-01,4.34
PTC,2024-01-31,4.46
PTC,2024-05-01,4.76
PTC,2024-07-31,4.75
PTC,2024-11-06,5.09
PTC,2025-02-05,5.08
PTC,2025-04-30,5.41
PTC,2025-07-30,6.069999999999999
PTC,2025-11-05,8.0
PTC,2026-02-04,8.82
PTC,2026-05-06,9.72
PTC,2026-07-29,9.66
PWR,2021-08-05,4.51
PWR,2021-11-04,4.59
PWR,2022-02-24,4.91
PWR,2022-05-05,5.45
PWR,2022-08-04,5.930000000000001
PWR,2022-11-03,6.220000000000001
PWR,2023-02-23,6.36
PWR,2023-05-04,6.23
PWR,2023-08-03,6.34
PWR,2023-11-02,6.8100000000000005
PWR,2024-02-22,7.17
PWR,2024-05-02,7.34
PWR,2024-08-01,7.59
PWR,2024-10-31,8.07
PWR,2025-02-20,8.97
PWR,2025-05-01,9.34
PWR,2025-07-31,9.920000000000002
PWR,2025-10-30,10.530000000000001
PWR,2026-02-19,10.75
PWR,2026-04-30,11.65
PWR,2026-07-30,13.410000000000002
PYPL,2021-07-28,4.52
PYPL,2021-11-08,4.56
PYPL,2022-02-01,4.59
PYPL,2022-04-27,4.25
PYPL,2022-08-02,4.03
PYPL,2022-11-03,4.0
PYPL,2023-02-09,4.13
PYPL,2023-05-08,4.42
PYPL,2023-08-02,4.65
PYPL,2023-11-01,4.87
PYPL,2024-02-07,5.109999999999999
PYPL,2024-04-30,5.02
PYPL,2024-07-30,5.05
PYPL,2024-10-29,4.95
PYPL,2025-02-04,4.66
PYPL,2025-04-29,4.91
PYPL,2025-07-29,5.12
PYPL,2025-10-28,5.26
PYPL,2026-02-03,5.300000000000001
PYPL,2026-05-05,5.3100000000000005
PYPL,2026-07-28,5.29
Q,2026-08-04,4.04
QCOM,2021-07-28,7.4399999999999995
QCOM,2021-11-03,8.54
QCOM,2022-02-02,9.6
QCOM,2022-04-27,10.91
QCOM,2022-07-27,11.95
QCOM,2022-11-02,12.530000000000001
QCOM,2023-02-02,11.67
QCOM,2023-05-03,10.610000000000001
QCOM,2023-08-02,9.52
QCOM,2023-11-01,8.41
QCOM,2024-01-31,8.79
QCOM,2024-05-01,9.08
QCOM,2024-07-31,9.540000000000001
QCOM,2024-11-06,10.21
QCOM,2025-02-05,10.870000000000001
QCOM,2025-04-30,11.280000000000001
QCOM,2025-07-30,11.72
QCOM,2025-11-05,12.030000000000001
QCOM,2026-02-04,12.120000000000001
QCOM,2026-04-29,11.92
QCOM,2026-07-29,11.36
RCL,2021-08-04,-20.14
RCL,2021-10-29,-19.43
RCL,2022-02-04,-19.189999999999998
RCL,2022-05-05,-19.32
RCL,2022-07-28,-16.340000000000003
RCL,2022-11-03,-11.170000000000002
RCL,2023-02-07,-7.510000000000001
RCL,2023-05-04,-3.1700000000000004
RCL,2023-07-27,0.73
RCL,2023-10-26,4.32
RCL,2024-02-01,6.6899999999999995
RCL,2024-04-25,8.690000000000001
RCL,2024-07-25,10.08
RCL,2024-10-29,11.43
RCL,2025-01-28,11.809999999999999
RCL,2025-04-29,12.75
RCL,2025-07-29,13.919999999999998
RCL,2025-10-28,14.469999999999999
RCL,2026-01-29,15.64
RCL,2026-04-30,16.53
RCL,2026-07-28,16.36
RDDT,2025-02-12,-6.8999999999999995
RDDT,2025-05-01,1.42
RDDT,2025-07-31,2.0
RDDT,2025-10-30,2.67
RDDT,2026-02-05,3.99
RDDT,2026-04-30,5.26
RDDT,2026-07-30,5.59
REG,2021-08-05,1.25
REG,2021-11-04,1.73
REG,2022-02-10,1.59
REG,2022-05-03,1.72
REG,2022-08-05,1.79
REG,2022-11-03,1.6500000000000001
REG,2023-02-09,2.1
REG,2023-05-04,2.13
REG,2023-08-03,2.13
REG,2023-11-02,2.12
REG,2024-02-08,2.05
REG,2024-05-02,2.05
REG,2024-08-01,2.08
REG,2024-10-28,2.12
REG,2025-02-06,2.1100000000000003
REG,2025-04-29,2.12
REG,2025-07-29,2.14
REG,2025-10-28,2.18
REG,2026-02-05,2.81
REG,2026-04-29,2.91
REG,2026-07-29,2.96
REGN,2021-08-05,53.58
REGN,2021-11-04,60.589999999999996
REGN,2022-02-04,74.78
REGN,2022-05-04,76.38
REGN,2022-08-03,60.349999999999994
REGN,2022-11-03,56.12
REGN,2023-02-03,44.96
REGN,2023-05-04,43.56
REGN,2023-08-03,44.03
REGN,2023-11-02,44.480000000000004
REGN,2024-02-02,43.78
REGN,2024-05-02,43.239999999999995
REGN,2024-08-01,44.56
REGN,2024-10-31,45.43
REGN,2025-02-04,45.64
REGN,2025-04-29,44.31
REGN,2025-08-01,45.64
REGN,2025-10-28,45.010000000000005
REGN,2026-01-30,44.38
REGN,2026-04-29,45.63
REGN,2026-07-30,47.03
RF,2021-07-23,2.51
RF,2021-10-22,2.6799999999999997
RF,2022-01-20,2.5
RF,2022-04-22,2.41
RF,2022-07-22,2.24
RF,2022-10-21,2.14
RF,2023-01-20,2.37
RF,2023-04-21,2.45
RF,2023-07-21,2.45
RF,2023-10-20,2.39
RF,2024-01-19,2.24
RF,2024-04-19,2.0500000000000003
RF,2024-07-19,2.0
RF,2024-10-18,2.07
RF,2025-01-17,2.1399999999999997
RF,2025-04-17,2.24
RF,2025-07-18,2.3
RF,2025-10-17,2.3600000000000003
RF,2026-01-16,2.34
RF,2026-04-17,2.42
RF,2026-07-17,2.5
RJF,2021-07-28,6.18
RJF,2021-10-27,7.050000000000001
RJF,2022-01-26,7.680000000000001
RJF,2022-04-27,7.5600000000000005
RJF,2022-07-27,7.340000000000001
RJF,2022-10-26,7.36
RJF,2023-01-25,7.53
RJF,2023-04-26,8.01
RJF,2023-07-26,8.25
RJF,2023-10-25,8.3
RJF,2024-01-24,8.41
RJF,2024-04-24,8.690000000000001
RJF,2024-07-24,9.23
RJF,2024-10-23,10.05
RJF,2025-01-29,10.58
RJF,2025-04-23,10.69
RJF,2025-07-23,10.48
RJF,2025-10-22,10.64
RJF,2026-01-28,10.57
RJF,2026-04-22,10.870000000000001
RJF,2026-07-22,11.83
RL,2021-08-03,5.779999999999999
RL,2021-11-02,6.960000000000001
RL,2022-02-03,8.23
RL,2022-05-24,8.34
RL,2022-08-09,7.930000000000001
RL,2022-11-10,7.54
RL,2023-02-09,7.949999999999999
RL,2023-05-25,8.36
RL,2023-08-10,8.82
RL,2023-11-08,8.69
RL,2024-02-08,9.51
RL,2024-05-23,10.32
RL,2024-08-07,10.68
RL,2024-11-07,11.120000000000001
RL,2025-02-06,11.77
RL,2025-05-22,12.33
RL,2025-08-07,13.4
RL,2025-11-06,14.649999999999999
RL,2026-02-05,16.049999999999997
RL,2026-05-21,16.58
RL,2026-08-06,17.4
RMD,2021-08-05,5.33
RMD,2021-10-28,5.57
RMD,2022-01-27,5.630000000000001
RMD,2022-04-28,5.6499999999999995
RMD,2022-08-11,5.79
RMD,2022-10-27,5.79
RMD,2023-01-26,5.98
RMD,2023-04-27,6.34
RMD,2023-08-03,6.45
RMD,2023-10-26,6.58
RMD,2024-01-24,6.8
RMD,2024-04-25,7.25
RMD,2024-08-01,7.7299999999999995
RMD,2024-10-24,8.29
RMD,2025-01-30,8.84
RMD,2025-04-23,9.08
RMD,2025-07-31,9.55
RMD,2025-10-30,9.9
RMD,2026-01-29,10.280000000000001
RMD,2026-04-30,10.77
RMD,2026-08-06,11.17
ROK,2021-07-27,8.97
ROK,2021-11-02,9.43
ROK,2022-01-27,9.190000000000001
ROK,2022-05-03,8.44
ROK,2022-07-27,8.79
ROK,2022-11-02,9.5
ROK,2023-01-26,9.82
ROK,2023-04-27,11.17
ROK,2023-08-01,11.52
ROK,2023-11-02,12.120000000000001
ROK,2024-01-31,11.7
ROK,2024-05-07,11.19
ROK,2024-08-07,10.89
ROK,2024-11-07,9.719999999999999
ROK,2025-02-10,9.510000000000002
ROK,2025-05-07,9.46
ROK,2025-08-06,9.57
ROK,2025-11-06,10.44
ROK,2026-02-05,11.36
ROK,2026-05-05,12.21
ROK,2026-08-03,12.88
ROL,2021-07-28,0.64
ROL,2021-10-27,0.66
ROL,2022-01-26,0.67
ROL,2022-04-27,0.6799999999999999
ROL,2022-07-27,0.68
ROL,2022-10-26,0.71
ROL,2023-02-15,0.74
ROL,2023-04-26,0.77
ROL,2023-07-26,0.8
ROL,2023-10-25,0.8600000000000001
ROL,2024-02-14,0.9
ROL,2024-04-24,0.92
ROL,2024-07-24,0.9600000000000001
ROL,2024-10-23,0.97
ROL,2025-02-12,0.9900000000000001
ROL,2025-04-23,1.01
ROL,2025-07-23,1.04
ROL,2025-10-29,1.0999999999999999
ROL,2026-02-11,1.1199999999999999
ROL,2026-04-22,1.14
ROL,2026-07-22,1.16
ROP,2021-07-23,14.09
ROP,2021-10-22,14.83
ROP,2022-02-02,15.0
ROP,2022-04-26,15.17
ROP,2022-07-22,15.36
ROP,2022-10-26,15.120000000000001
ROP,2023-01-27,15.309999999999999
ROP,2023-04-27,15.44
ROP,2023-07-21,15.61
ROP,2023-10-25,16.26
ROP,2024-01-31,16.71
ROP,2024-04-26,17.220000000000002
ROP,2024-07-24,17.580000000000002
ROP,2024-10-23,17.880000000000003
ROP,2025-01-30,18.32
ROP,2025-04-28,18.689999999999998
ROP,2025-07-21,19.08
ROP,2025-10-23,19.6
ROP,2026-01-27,20.0
ROP,2026-04-23,20.38
ROP,2026-07-23,20.89
ROST,2021-05-20,3.0900000000000003
ROST,2021-08-19,4.42
ROST,2021-11-18,4.49
ROST,2022-03-01,4.86
ROST,2022-05-19,4.49
ROST,2022-08-18,4.210000000000001
ROST,2022-11-17,4.12
ROST,2023-02-28,4.390000000000001
ROST,2023-05-18,4.510000000000001
ROST,2023-08-17,4.720000000000001
ROST,2023-11-16,5.050000000000001
ROST,2024-03-05,5.5600000000000005
ROST,2024-05-23,5.930000000000001
ROST,2024-08-22,6.2
ROST,2024-11-21,6.35
ROST,2025-03-04,6.18
ROST,2025-05-22,6.1899999999999995
ROST,2025-08-21,6.16
ROST,2025-11-20,6.26
ROST,2026-03-03,6.61
ROST,2026-05-21,7.16
RSG,2021-07-29,4.02
RSG,2021-10-28,4.13
RSG,2022-02-10,4.15
RSG,2022-05-05,4.359999999999999
RSG,2022-08-04,4.59
RSG,2022-10-27,4.82
RSG,2023-02-15,4.93
RSG,2023-04-27,5.03
RSG,2023-07-31,5.119999999999999
RSG,2023-10-26,5.32
RSG,2024-02-27,5.6
RSG,2024-04-30,5.81
RSG,2024-07-24,6.010000000000001
RSG,2024-10-29,6.28
RSG,2025-02-13,6.45
RSG,2025-04-24,6.58
RSG,2025-07-29,6.74
RSG,2025-10-30,6.83
RSG,2026-02-17,7.01
RSG,2026-05-07,7.13
RSG,2026-08-06,7.21
RTX,2021-07-27,3.25
RTX,2021-10-26,3.9299999999999997
RTX,2022-01-25,4.2700000000000005
RTX,2022-04-26,4.52
RTX,2022-07-26,4.65
RTX,2022-10-25,4.6
RTX,2023-01-24,4.79
RTX,2023-04-25,4.859999999999999
RTX,2023-07-25,4.99
RTX,2023-10-24,5.03
RTX,2024-01-23,5.05
RTX,2024-04-23,5.17
RTX,2024-07-25,5.29
RTX,2024-10-22,5.49
RTX,2025-01-28,5.74
RTX,2025-04-22,5.87
RTX,2025-07-22,6.0200000000000005
RTX,2025-10-21,6.27
RTX,2026-01-27,6.28
RTX,2026-04-21,6.59
RTX,2026-07-23,6.92
RVTY,2021-07-26,12.6
RVTY,2021-11-02,12.82
RVTY,2022-02-01,11.42
RVTY,2022-05-03,10.110000000000001
RVTY,2022-08-01,9.600000000000001
RVTY,2022-11-08,8.8
RVTY,2023-02-14,7.9399999999999995
RVTY,2023-05-11,6.539999999999999
RVTY,2023-08-01,5.43
RVTY,2023-10-30,5.1
RVTY,2024-02-01,4.65
RVTY,2024-04-29,4.62
RVTY,2024-07-29,4.63
RVTY,2024-11-04,4.73
RVTY,2025-01-31,4.9
RVTY,2025-04-28,4.93
RVTY,2025-07-28,4.890000000000001
RVTY,2025-10-27,4.79
RVTY,2026-02-02,5.07
RVTY,2026-05-05,5.12
RVTY,2026-08-04,5.35
SBAC,2021-08-02,3.04
SBAC,2021-11-01,3.6699999999999995
SBAC,2022-02-28,2.9
SBAC,2022-04-25,3.51
SBAC,2022-08-01,3.8200000000000003
SBAC,2022-10-31,4.14
SBAC,2023-02-21,4.11
SBAC,2023-05-01,3.73
SBAC,2023-07-31,4.32
SBAC,2023-11-02,4.26
SBAC,2024-02-26,4.140000000000001
SBAC,2024-04-29,5.15
SBAC,2024-07-29,5.66
SBAC,2024-10-28,6.82
SBAC,2025-02-24,8.4
SBAC,2025-04-28,8.48
SBAC,2025-08-04,8.44
SBAC,2025-11-03,8.39
SBAC,2026-02-26,9.530000000000001
SBAC,2026-04-29,9.5
SBAC,2026-08-03,9.280000000000001
SBUX,2021-07-27,2.75
SBUX,2021-10-28,3.24
SBUX,2022-02-01,3.3499999999999996
SBUX,2022-05-03,3.32
SBUX,2022-08-02,3.15
SBUX,2022-11-03,2.96
SBUX,2023-02-02,2.99
SBUX,2023-05-02,3.1399999999999997
SBUX,2023-08-01,3.3
SBUX,2023-11-02,3.55
SBUX,2024-01-30,3.7
SBUX,2024-04-30,3.6399999999999997
SBUX,2024-07-30,3.57
SBUX,2024-10-30,3.31
SBUX,2025-01-28,3.1
SBUX,2025-04-29,2.8299999999999996
SBUX,2025-07-29,2.4000000000000004
SBUX,2025-10-29,2.12
SBUX,2026-01-28,1.99
SBUX,2026-04-28,2.08
SBUX,2026-07-29,2.43
SCHW,2021-07-16,2.79
SCHW,2021-10-15,3.12
SCHW,2022-01-18,3.2399999999999998
SCHW,2022-04-18,3.17
SCHW,2022-07-18,3.44
SCHW,2022-10-17,3.7
SCHW,2023-01-18,3.91
SCHW,2023-04-17,4.07
SCHW,2023-07-18,3.85
SCHW,2023-10-16,3.52
SCHW,2024-01-17,3.1300000000000003
SCHW,2024-04-15,2.9400000000000004
SCHW,2024-07-16,2.92
SCHW,2024-10-15,2.92
SCHW,2025-01-21,3.25
SCHW,2025-04-17,3.55
SCHW,2025-07-18,3.96
SCHW,2025-10-16,4.5
SCHW,2026-01-21,4.88
SCHW,2026-04-16,5.27
SCHW,2026-07-21,5.75
SHW,2021-07-27,9.17
SHW,2021-10-26,8.5
SHW,2022-01-27,8.139999999999999
SHW,2022-04-26,7.6899999999999995
SHW,2022-07-27,7.449999999999999
SHW,2022-10-25,8.19
SHW,2023-01-26,8.74
SHW,2023-04-25,9.170000000000002
SHW,2023-07-25,10.05
SHW,2023-10-24,10.420000000000002
SHW,2024-01-25,10.34
SHW,2024-04-23,10.47
SHW,2024-07-23,10.88
SHW,2024-10-22,11.05
SHW,2025-01-30,11.33
SHW,2025-04-29,11.41
SHW,2025-07-22,11.09
SHW,2025-10-28,11.309999999999999
SHW,2026-01-29,11.45
SHW,2026-04-28,11.549999999999999
SHW,2026-07-28,11.870000000000001
SJM,2021-06-03,9.1
SJM,2021-08-26,8.63
SJM,2021-11-23,8.67
SJM,2022-03-01,8.55
SJM,2022-06-07,8.89
SJM,2022-08-23,8.66
SJM,2022-11-21,8.629999999999999
SJM,2023-02-28,8.51
SJM,2023-06-06,8.92
SJM,2023-08-29,9.459999999999999
SJM,2023-12-05,9.65
SJM,2024-02-27,9.92
SJM,2024-06-06,9.94
SJM,2024-08-28,10.17
SJM,2024-11-26,10.34
SJM,2025-02-27,10.469999999999999
SJM,2025-06-10,10.12
SJM,2025-08-27,9.58
SJM,2025-11-25,8.92
SJM,2026-02-26,8.69
SJM,2026-06-09,9.149999999999999
SLB,2021-07-23,0.89
SLB,2021-10-22,1.0899999999999999
SLB,2022-01-21,1.28
SLB,2022-04-22,1.4100000000000001
SLB,2022-07-22,1.6099999999999999
SLB,2022-10-21,1.8800000000000001
SLB,2023-01-20,2.1799999999999997
SLB,2023-04-21,2.47
SLB,2023-07-21,2.69
SLB,2023-10-20,2.84
SLB,2024-01-19,2.9899999999999998
SLB,2024-04-19,3.11
SLB,2024-07-19,3.24
SLB,2024-10-18,3.3499999999999996
SLB,2025-01-17,3.41
SLB,2025-04-25,3.38
SLB,2025-07-18,3.27
SLB,2025-10-17,3.07
SLB,2026-01-23,2.9299999999999997
SLB,2026-04-24,2.73
SLB,2026-07-24,2.54
SMCI,2021-08-10,0.25
SMCI,2021-11-02,0.25
SMCI,2022-02-01,0.28
SMCI,2022-05-03,0.39
SMCI,2022-08-09,0.5700000000000001
SMCI,2022-11-01,0.85
SMCI,2023-01-31,1.09
SMCI,2023-05-02,1.09
SMCI,2023-08-08,1.1800000000000002
SMCI,2023-11-01,1.18
SMCI,2024-01-29,1.41
SMCI,2024-04-30,1.92
SMCI,2024-08-06,2.2
SMCI,2025-02-25,2.6
SMCI,2025-02-25,2.64
SMCI,2025-05-06,2.2800000000000002
SMCI,2025-08-05,2.06
SMCI,2025-11-04,1.67
SMCI,2026-02-03,1.7599999999999998
SMCI,2026-05-05,2.29
SNA,2021-07-22,14.379999999999999
SNA,2021-10-21,14.67
SNA,2022-02-03,14.93
SNA,2022-04-21,15.43
SNA,2022-07-21,15.94
SNA,2022-10-20,16.509999999999998
SNA,2023-02-02,16.83
SNA,2023-04-20,17.43
SNA,2023-07-20,18.049999999999997
SNA,2023-10-19,18.419999999999998
SNA,2024-02-08,18.75
SNA,2024-04-18,18.9
SNA,2024-07-18,19.08
SNA,2024-10-17,19.27
SNA,2025-02-06,19.34
SNA,2025-04-17,19.1
SNA,2025-07-17,18.75
SNA,2025-10-16,19.07
SNA,2026-02-05,19.19
SNA,2026-04-23,19.369999999999997
SNA,2026-07-23,19.61
SNDK,2026-01-29,7.41
SNDK,2026-04-30,31.12
SNDK,2026-08-05,70.08
SNPS,2021-05-19,6.54
SNPS,2021-08-18,6.609999999999999
SNPS,2021-12-01,6.85
SNPS,2022-02-16,7.73
SNPS,2022-05-18,8.530000000000001
SNPS,2022-08-17,8.82
SNPS,2022-11-30,8.91
SNPS,2023-02-15,9.129999999999999
SNPS,2023-05-17,9.17
SNPS,2023-08-16,9.95
SNPS,2023-11-29,11.21
SNPS,2024-02-21,12.149999999999999
SNPS,2024-05-22,12.61
SNPS,2024-08-21,13.16
SNPS,2024-12-04,13.389999999999999
SNPS,2025-02-26,12.86
SNPS,2025-05-28,13.530000000000001
SNPS,2025-09-09,13.49
SNPS,2025-12-10,12.99
SNPS,2026-02-25,13.73
SNPS,2026-05-27,13.41
SO,2021-07-29,3.51
SO,2021-11-04,3.52
SO,2022-02-17,3.4099999999999997
SO,2022-04-28,3.4
SO,2022-07-28,3.63
SO,2022-10-27,3.71
SO,2023-02-16,3.6100000000000003
SO,2023-04-27,3.4299999999999997
SO,2023-08-03,3.1500000000000004
SO,2023-11-02,3.26
SO,2024-02-15,3.64
SO,2024-05-02,3.88
SO,2024-08-01,4.1899999999999995
SO,2024-10-31,4.2
SO,2025-02-20,4.0600000000000005
SO,2025-05-01,4.26
SO,2025-07-31,4.08
SO,2025-10-30,4.25
SO,2026-02-19,4.300000000000001
SO,2026-04-30,4.390000000000001
SO,2026-07-30,4.6
SOLV,2025-02-27,6.6899999999999995
SOLV,2025-05-08,5.95
SOLV,2025-08-07,6.08
SOLV,2025-11-06,5.9399999999999995
SOLV,2026-02-26,6.1
SOLV,2026-05-05,6.24
SOLV,2026-08-05,7.1
SPG,2021-08-02,4.04
SPG,2021-11-01,4.74
SPG,2022-02-07,5.35
SPG,2022-05-09,5.47
SPG,2022-08-01,5.53
SPG,2022-11-01,5.78
SPG,2023-02-06,5.72
SPG,2023-05-02,5.89
SPG,2023-08-02,5.76
SPG,2023-10-30,5.52
SPG,2024-02-05,5.609999999999999
SPG,2024-05-06,5.07
SPG,2024-08-05,5.09
SPG,2024-11-01,5.36
SPG,2025-02-04,5.6
SPG,2025-05-12,6.21
SPG,2025-08-04,6.06
SPG,2025-11-03,6.199999999999999
SPG,2026-02-02,5.450000000000001
SPG,2026-05-11,5.220000000000001
SPG,2026-08-10,5.59
SPGI,2021-07-29,12.57
SPGI,2021-10-26,13.260000000000002
SPGI,2022-02-08,13.7
SPGI,2022-05-04,13.2
SPGI,2022-08-02,12.39
SPGI,2022-10-27,11.780000000000001
SPGI,2023-02-09,11.170000000000002
SPGI,2023-04-27,11.43
SPGI,2023-07-27,11.74
SPGI,2023-11-02,12.02
SPGI,2024-02-08,12.610000000000001
SPGI,2024-04-25,13.47
SPGI,2024-07-30,14.39
SPGI,2024-10-24,15.07
SPGI,2025-02-11,15.71
SPGI,2025-04-29,16.07
SPGI,2025-07-31,16.46
SPGI,2025-10-30,17.3
SPGI,2026-02-10,17.830000000000002
SPGI,2026-04-28,18.43
SPGI,2026-07-28,18.87
SRE,2021-08-05,3.9099999999999997
SRE,2021-11-05,4.1
SRE,2022-02-25,4.23
SRE,2022-05-05,4.21
SRE,2022-08-04,4.38
SRE,2022-11-03,4.52
SRE,2023-02-28,4.62
SRE,2023-05-04,4.62
SRE,2023-08-03,4.569999999999999
SRE,2023-11-03,4.66
SRE,2024-02-27,4.61
SRE,2024-05-07,4.49
SRE,2024-08-06,4.4399999999999995
SRE,2024-11-06,4.25
SRE,2025-02-25,4.62
SRE,2025-05-08,4.72
SRE,2025-08-07,4.72
SRE,2025-11-05,4.94
SRE,2026-02-26,4.720000000000001
SRE,2026-05-07,4.79
SRE,2026-08-06,5.0600000000000005
STE,2021-08-08,6.6
STE,2021-11-02,7.109999999999999
STE,2022-02-08,7.5
STE,2022-05-11,7.91
STE,2022-08-02,8.05
STE,2022-11-09,8.05
STE,2023-02-08,7.95
STE,2023-05-10,8.21
STE,2023-08-01,8.309999999999999
STE,2023-11-07,8.39
STE,2024-02-07,8.59
STE,2024-05-08,8.870000000000001
STE,2024-08-06,8.9
STE,2024-11-06,8.969999999999999
STE,2025-02-05,9.07
STE,2025-05-14,9.23
STE,2025-08-06,9.540000000000001
STE,2025-11-05,9.870000000000001
STE,2026-02-04,10.08
STE,2026-05-11,10.17
STE,2026-08-05,10.42
STLD,2021-07-19,6.98
STLD,2021-10-18,11.43
STLD,2022-01-24,16.24
STLD,2022-04-20,20.16
STLD,2022-07-20,23.490000000000002
STLD,2022-10-19,23.990000000000002
STLD,2023-01-25,22.58
STLD,2023-04-19,20.57
STLD,2023-07-19,18.65
STLD,2023-10-18,16.66
STLD,2024-01-23,14.899999999999999
STLD,2024-04-23,14.56
STLD,2024-07-17,12.47
STLD,2024-10-16,11.049999999999999
STLD,2025-01-22,9.8
STLD,2025-04-22,7.57
STLD,2025-07-21,6.859999999999999
STLD,2025-10-20,7.550000000000001
STLD,2026-01-26,8.01
STLD,2026-04-20,9.35
STLD,2026-07-20,11.03
STT,2021-07-16,6.58
STT,2021-10-18,7.13
STT,2022-01-19,7.44
STT,2022-04-14,7.5600000000000005
STT,2022-07-15,7.529999999999999
STT,2022-10-18,7.35
STT,2023-01-20,7.42
STT,2023-04-17,7.35
STT,2023-07-14,7.58
STT,2023-10-18,7.69
STT,2024-01-19,7.66
STT,2024-04-12,7.83
STT,2024-07-16,7.8100000000000005
STT,2024-10-15,8.14
STT,2025-01-17,8.7
STT,2025-04-17,9.05
STT,2025-07-15,9.43
STT,2025-10-17,9.95
STT,2026-01-16,10.32
STT,2026-04-17,11.12
STT,2026-07-16,12.24
STX,2021-07-21,5.7
STX,2021-10-22,7.120000000000001
STX,2022-01-26,8.24
STX,2022-04-27,8.57
STX,2022-07-21,8.16
STX,2022-10-26,6.290000000000001
STX,2023-01-25,4.04
STX,2023-04-20,1.9500000000000002
STX,2023-07-26,0.18
STX,2023-10-26,-0.52
STX,2024-01-24,-0.56
STX,2024-04-23,0.050000000000000044
STX,2024-07-23,1.28
STX,2024-10-22,3.08
STX,2025-01-21,4.99
STX,2025-04-29,6.56
STX,2025-07-29,8.1
STX,2025-10-28,9.129999999999999
STX,2026-01-27,10.21
STX,2026-04-28,12.41
STX,2026-07-28,15.53
STZ,2021-06-30,10.0
STZ,2021-10-06,9.620000000000001
STZ,2022-01-06,9.65
STZ,2022-04-07,10.2
STZ,2022-06-30,10.530000000000001
STZ,2022-10-06,11.32
STZ,2023-01-05,11.030000000000001
STZ,2023-04-06,10.639999999999999
STZ,2023-06-30,10.89
STZ,2023-10-05,11.42
STZ,2024-01-05,11.780000000000001
STZ,2024-04-11,12.059999999999999
STZ,2024-07-03,12.719999999999999
STZ,2024-10-03,13.34
STZ,2025-01-10,13.399999999999999
STZ,2025-04-09,13.77
STZ,2025-07-01,13.42
STZ,2025-10-06,12.73
STZ,2026-01-07,12.54
STZ,2026-04-08,11.81
STZ,2026-06-30,12.02
SW,2025-05-01,2.7199999999999998
SW,2025-07-30,2.49
SW,2025-10-29,2.34
SW,2026-02-11,2.2
SW,2026-04-30,1.7
SW,2026-07-29,1.54
SWK,2021-07-27,12.39
SWK,2021-10-28,12.27
SWK,2022-02-01,11.120000000000001
SWK,2022-04-28,10.09
SWK,2022-07-28,8.78
SWK,2022-10-27,6.7700000000000005
SWK,2023-02-02,4.53
SWK,2023-05-04,2.02
SWK,2023-08-01,0.14
SWK,2023-10-27,0.43000000000000005
SWK,2024-02-01,1.4500000000000002
SWK,2024-05-02,2.4200000000000004
SWK,2024-07-30,3.62
SWK,2024-10-29,3.79
SWK,2025-02-05,4.359999999999999
SWK,2025-04-30,4.55
SWK,2025-07-29,4.54
SWK,2025-11-04,4.75
SWK,2026-02-04,4.67
SWK,2026-04-29,4.72
SWK,2026-07-29,5.21
SWKS,2021-07-29,9.73
SWKS,2021-11-04,10.5
SWKS,2022-02-03,10.280000000000001
SWKS,2022-05-03,10.54
SWKS,2022-08-04,10.83
SWKS,2022-11-03,11.23
SWKS,2023-02-06,10.68
SWKS,2023-05-08,10.07
SWKS,2023-08-07,9.36
SWKS,2023-11-02,8.54
SWKS,2024-01-30,7.92
SWKS,2024-04-30,7.450000000000001
SWKS,2024-07-30,6.93
SWKS,2024-11-12,6.28
SWKS,2025-02-05,5.91
SWKS,2025-05-07,5.6
SWKS,2025-08-05,5.720000000000001
SWKS,2025-11-04,5.93
SWKS,2026-02-03,5.87
SWKS,2026-05-05,5.78
SWKS,2026-07-28,5.53
SYF,2021-07-20,5.72
SYF,2021-10-19,6.76
SYF,2022-01-28,6.859999999999999
SYF,2022-04-18,6.8999999999999995
SYF,2022-07-18,6.379999999999999
SYF,2022-10-25,6.18
SYF,2023-01-23,6.1
SYF,2023-04-19,5.68
SYF,2023-07-18,5.3999999999999995
SYF,2023-10-24,5.41
SYF,2024-01-23,5.33
SYF,2024-04-24,5.159999999999999
SYF,2024-07-17,5.39
SYF,2024-10-16,5.85
SYF,2025-01-28,6.58
SYF,2025-04-22,7.29
SYF,2025-07-22,8.239999999999998
SYF,2025-10-15,9.16
SYF,2026-01-27,9.43
SYF,2026-04-21,9.81
SYF,2026-07-21,9.9
SYK,2021-07-27,9.129999999999999
SYK,2021-10-28,9.19
SYK,2022-01-27,9.09
SYK,2022-04-28,9.13
SYK,2022-07-26,9.129999999999999
SYK,2022-10-31,9.05
SYK,2023-01-31,9.34
SYK,2023-05-01,9.51
SYK,2023-08-03,9.8
SYK,2023-11-02,10.14
SYK,2024-01-30,10.6
SYK,2024-04-30,10.959999999999999
SYK,2024-07-30,11.23
SYK,2024-10-29,11.64
SYK,2025-01-28,12.190000000000001
SYK,2025-05-01,12.530000000000001
SYK,2025-07-31,12.85
SYK,2025-10-30,13.17
SYK,2026-01-29,13.63
SYK,2026-04-30,13.389999999999999
SYK,2026-07-30,13.95
SYY,2021-08-10,1.44
SYY,2021-11-09,1.9299999999999997
SYY,2022-02-08,2.33
SYY,2022-05-10,2.8199999999999994
SYY,2022-08-09,3.26
SYY,2022-11-01,3.4
SYY,2023-01-31,3.63
SYY,2023-05-02,3.8200000000000003
SYY,2023-08-01,4.01
SYY,2023-10-31,4.11
SYY,2024-01-30,4.2
SYY,2024-04-30,4.26
SYY,2024-07-30,4.3100000000000005
SYY,2024-10-29,4.33
SYY,2025-01-28,4.37
SYY,2025-04-29,4.37
SYY,2025-07-29,4.46
SYY,2025-10-28,4.52
SYY,2026-01-27,4.58
SYY,2026-04-28,4.56
SYY,2026-08-04,4.609999999999999
T,2021-07-22,3.26
T,2021-10-21,3.37
T,2022-01-26,3.4000000000000004
T,2022-04-21,3.31
T,2022-07-21,3.07
T,2022-10-20,2.8800000000000003
T,2023-01-25,2.71
T,2023-04-20,2.54
T,2023-07-26,2.52
T,2023-10-19,2.48
T,2024-01-24,2.41
T,2024-04-24,2.36
T,2024-07-24,2.3
T,2024-10-23,2.26
T,2025-01-27,2.26
T,2025-04-23,2.22
T,2025-07-23,2.19
T,2025-10-22,2.13
T,2026-01-28,2.11
T,2026-04-22,2.17
T,2026-07-22,2.2800000000000002
TAP,2021-07-29,3.6100000000000003
TAP,2021-10-28,3.74
TAP,2022-02-23,4.15
TAP,2022-05-03,4.430000000000001
TAP,2022-08-02,4.04
TAP,2022-11-01,3.6100000000000003
TAP,2023-02-21,4.1
TAP,2023-05-02,4.3500000000000005
TAP,2023-08-01,4.9399999999999995
TAP,2023-11-02,5.54
TAP,2024-02-13,5.43
TAP,2024-04-30,5.84
TAP,2024-08-06,5.9799999999999995
TAP,2024-11-07,5.859999999999999
TAP,2025-02-13,5.970000000000001
TAP,2025-05-08,5.5200000000000005
TAP,2025-08-05,5.65
TAP,2025-11-04,5.52
TAP,2026-02-18,5.43
TAP,2026-04-30,5.55
TAP,2026-08-06,5.08
TDG,2021-08-10,10.77
TDG,2021-11-16,12.129999999999999
TDG,2022-02-08,13.16
TDG,2022-05-10,14.44
TDG,2022-08-09,15.959999999999999
TDG,2022-11-10,17.21
TDG,2023-02-07,18.79
TDG,2023-05-09,20.91
TDG,2023-08-08,23.310000000000002
TDG,2023-11-09,25.840000000000003
TDG,2024-02-08,28.42
TDG,2024-05-07,30.43
TDG,2024-08-06,32.18
TDG,2024-11-07,33.98
TDG,2025-02-04,34.650000000000006
TDG,2025-05-06,35.769999999999996
TDG,2025-08-05,36.37
TDG,2025-11-12,37.36
TDG,2026-02-03,37.76
TDG,2026-05-05,38.5
TDG,2026-08-04,39.769999999999996
TDY,2021-07-28,13.93
TDY,2021-10-27,15.7
TDY,2022-01-27,16.529999999999998
TDY,2022-04-27,17.779999999999998
TDY,2022-07-27,17.599999999999998
TDY,2022-10-26,17.799999999999997
TDY,2023-01-25,18.18
TDY,2023-04-26,18.44
TDY,2023-07-26,18.68
TDY,2023-10-25,19.19
TDY,2024-01-24,19.689999999999998
TDY,2024-04-24,19.71
TDY,2024-07-24,19.62
TDY,2024-10-23,19.669999999999998
TDY,2025-01-22,19.75
TDY,2025-04-23,20.15
TDY,2025-07-23,20.77
TDY,2025-10-22,21.24
TDY,2026-01-21,22.02
TDY,2026-04-22,22.87
TDY,2026-07-22,23.950000000000003
TECH,2021-05-06,1.47
TECH,2021-08-05,1.69
TECH,2021-11-02,1.79
TECH,2022-02-01,1.8499999999999999
TECH,2022-05-04,1.94
TECH,2022-08-04,1.98
TECH,2022-11-01,1.97
TECH,2023-02-02,1.97
TECH,2023-05-03,1.96
TECH,2023-08-08,2.0
TECH,2023-10-31,1.96
TECH,2024-02-01,1.8900000000000001
TECH,2024-05-01,1.84
TECH,2024-08-07,1.78
TECH,2024-10-30,1.79
TECH,2025-02-05,1.8099999999999998
TECH,2025-05-07,1.89
TECH,2025-08-06,1.93
TECH,2025-11-05,1.93
TECH,2026-02-04,1.9700000000000002
TECH,2026-05-06,1.94
TECH,2026-08-12,1.9300000000000002
TEL,2021-07-28,5.99
TEL,2021-10-27,6.52
TEL,2022-01-26,6.8100000000000005
TEL,2022-04-27,7.05
TEL,2022-07-27,7.12
TEL,2022-11-02,7.3100000000000005
TEL,2023-01-25,7.08
TEL,2023-04-26,6.92
TEL,2023-07-26,6.83
TEL,2023-11-01,6.7299999999999995
TEL,2024-01-24,7.039999999999999
TEL,2024-04-24,7.25
TEL,2024-07-24,7.390000000000001
TEL,2024-10-30,7.5600000000000005
TEL,2025-01-22,7.67
TEL,2025-04-23,7.91
TEL,2025-07-23,8.27
TEL,2025-10-29,8.76
TEL,2026-01-21,9.530000000000001
TEL,2026-04-22,10.16
TEL,2026-07-22,10.83
TER,2021-07-27,5.3
TER,2021-10-26,5.710000000000001
TER,2022-01-26,5.98
TER,2022-04-26,5.8500000000000005
TER,2022-07-26,5.15
TER,2022-10-25,4.71
TER,2023-01-25,4.26
TER,2023-04-26,3.83
TER,2023-07-26,3.41
TER,2023-10-26,3.06
TER,2024-01-30,2.93
TER,2024-04-24,2.89
TER,2024-07-24,2.96
TER,2024-10-23,3.06
TER,2025-01-29,3.22
TER,2025-04-28,3.46
TER,2025-07-29,3.17
TER,2025-10-28,3.12
TER,2026-02-02,3.9699999999999998
TER,2026-04-28,5.779999999999999
TER,2026-07-28,7.68
TFC,2021-07-15,4.88
TFC,2021-10-15,5.33
TFC,2022-01-18,5.53
TFC,2022-04-19,5.58
TFC,2022-07-19,5.2299999999999995
TFC,2022-10-18,5.05
TFC,2023-01-19,4.97
TFC,2023-04-20,4.83
TFC,2023-07-20,4.55
TFC,2023-10-19,4.15
TFC,2024-01-18,3.66
TFC,2024-04-22,3.47
TFC,2024-07-22,3.46
TFC,2024-10-17,3.5900000000000003
TFC,2025-01-17,3.6900000000000004
TFC,2025-04-17,3.6799999999999997
TFC,2025-07-18,3.67
TFC,2025-10-17,3.74
TFC,2026-01-21,3.95
TFC,2026-04-17,4.15
TFC,2026-07-17,4.48
TGT,2021-05-19,12.53
TGT,2021-08-18,12.79
TGT,2021-11-17,13.03
TGT,2022-03-01,13.55
TGT,2022-05-18,12.05
TGT,2022-08-17,8.799999999999999
TGT,2022-11-16,7.3100000000000005
TGT,2023-02-28,6.01
TGT,2023-05-17,5.869999999999999
TGT,2023-08-16,7.28
TGT,2023-11-15,7.84
TGT,2024-03-05,8.93
TGT,2024-05-22,8.91
TGT,2024-08-21,9.68
TGT,2024-11-20,9.43
TGT,2025-03-04,8.86
TGT,2025-05-21,8.129999999999999
TGT,2025-08-20,7.6099999999999985
TGT,2025-11-19,7.539999999999999
TGT,2026-03-03,7.5699999999999985
TGT,2026-05-20,7.979999999999999
TJX,2021-05-19,1.42
TJX,2021-08-18,2.24
TJX,2021-11-17,2.37
TJX,2022-02-23,2.7
TJX,2022-05-18,2.9400000000000004
TJX,2022-08-17,2.99
TJX,2022-11-16,3.06
TJX,2023-02-22,3.17
TJX,2023-05-17,3.25
TJX,2023-08-16,3.4099999999999997
TJX,2023-11-15,3.5300000000000002
TJX,2024-02-28,3.8600000000000003
TJX,2024-05-22,4.03
TJX,2024-08-21,4.140000000000001
TJX,2024-11-20,4.25
TJX,2025-02-26,4.26
TJX,2025-05-21,4.25
TJX,2025-08-20,4.390000000000001
TJX,2025-11-19,4.53
TJX,2026-02-25,4.88
TJX,2026-05-20,5.15
TKO,2024-08-08,4.78
TKO,2024-11-06,4.28
TKO,2025-02-26,4.41
TKO,2025-05-08,2.7
TKO,2025-08-06,2.23
TKO,2025-11-05,2.34
TKO,2026-02-25,1.9699999999999998
TKO,2026-05-06,1.59
TKO,2026-08-03,2.3200000000000003
TMO,2021-07-28,25.53
TMO,2021-10-27,25.66
TMO,2022-02-02,25.11
TMO,2022-04-28,25.15
TMO,2022-07-28,25.06
TMO,2022-10-26,24.38
TMO,2023-02-01,23.240000000000002
TMO,2023-04-26,21.020000000000003
TMO,2023-07-26,20.66
TMO,2023-10-25,21.270000000000003
TMO,2024-01-31,21.54
TMO,2024-04-24,21.619999999999997
TMO,2024-07-24,21.84
TMO,2024-10-23,21.43
TMO,2025-01-30,21.86
TMO,2025-04-23,21.900000000000002
TMO,2025-07-23,21.89
TMO,2025-10-22,22.4
TMO,2026-01-29,22.869999999999997
TMO,2026-04-23,23.16
TMO,2026-07-23,23.830000000000002
TMUS,2021-07-29,3.28
TMUS,2021-11-02,2.83
TMUS,2022-02-02,2.57
TMUS,2022-04-27,2.4000000000000004
TMUS,2022-07-27,1.37
TMUS,2022-10-27,3.09
TMUS,2023-02-01,3.9299999999999997
TMUS,2023-04-27,4.9399999999999995
TMUS,2023-07-27,7.079999999999999
TMUS,2023-10-25,6.81
TMUS,2024-01-25,7.46
TMUS,2024-04-25,7.88
TMUS,2024-07-31,8.32
TMUS,2024-10-23,8.93
TMUS,2025-01-29,9.69
TMUS,2025-04-24,10.33
TMUS,2025-07-23,10.69
TMUS,2025-10-23,10.850000000000001
TMUS,2026-02-11,10.14
TMUS,2026-04-28,10.27
TMUS,2026-07-23,10.41
TPL,2020-11-02,2.9
TPL,2021-02-25,2.52
TPL,2021-05-06,2.42
TPL,2021-08-05,2.84
TPL,2021-11-04,3.38
TPL,2022-02-23,3.8699999999999997
TPL,2022-05-04,4.549999999999999
TPL,2022-08-03,5.4399999999999995
TPL,2022-11-02,6.11
TPL,2023-02-22,6.42
TPL,2023-05-03,6.27
TPL,2023-08-02,6.01
TPL,2023-11-01,5.67
TPL,2024-02-21,5.87
TPL,2024-05-08,6.279999999999999
TPL,2024-08-07,6.49
TPL,2025-08-06,6.64
TPL,2025-11-05,6.76
TPL,2026-02-18,6.89
TPL,2026-05-06,7.3
TPL,2026-08-05,7.85
TPR,2021-02-04,1.21
TPR,2021-05-06,1.99
TPR,2021-08-19,2.9800000000000004
TPR,2021-11-11,3.22
TPR,2022-02-10,3.4000000000000004
TPR,2022-05-12,3.4000000000000004
TPR,2022-08-18,3.4400000000000004
TPR,2022-11-10,3.4100000000000006
TPR,2023-02-09,3.4400000000000004
TPR,2023-05-11,3.710000000000001
TPR,2023-08-17,3.880000000000001
TPR,2023-11-09,4.0200000000000005
TPR,2024-02-08,4.29
TPR,2024-05-09,4.32
TPR,2024-08-15,4.29
TPR,2025-02-06,5.36
TPR,2025-05-08,4.760000000000001
TPR,2025-08-14,4.99
TPR,2025-11-06,5.45
TPR,2026-02-05,6.140000000000001
TPR,2026-05-07,6.7700000000000005
TRGP,2021-08-05,0.93
TRGP,2021-11-04,1.29
TRGP,2022-02-24,1.96
TRGP,2022-05-05,2.23
TRGP,2022-08-04,2.1599999999999997
TRGP,2022-11-03,2.95
TRGP,2023-02-22,3.87
TRGP,2023-05-04,2.52
TRGP,2023-08-03,3.41
TRGP,2023-11-02,3.13
TRGP,2024-02-15,3.01
TRGP,2024-05-02,4.94
TRGP,2024-08-01,5.54
TRGP,2024-11-05,6.37
TRGP,2025-02-20,6.69
TRGP,2025-05-01,7.21
TRGP,2025-08-07,7.65
TRGP,2025-11-05,8.14
TRGP,2026-02-19,9.01
TRGP,2026-05-07,9.88
TRGP,2026-08-06,11.11
TRMB,2021-05-05,2.39
TRMB,2021-08-04,2.59
TRMB,2021-11-03,2.65
TRMB,2022-02-09,2.66
TRMB,2022-05-05,2.73
TRMB,2022-08-05,2.6500000000000004
TRMB,2022-11-02,2.65
TRMB,2023-02-08,2.63
TRMB,2023-05-03,2.62
TRMB,2023-08-03,2.62
TRMB,2023-11-01,2.6399999999999997
TRMB,2024-02-12,2.6700000000000004
TRMB,2024-05-03,2.59
TRMB,2024-08-06,2.57
TRMB,2024-11-06,2.59
TRMB,2025-02-19,2.85
TRMB,2025-05-07,2.82
TRMB,2025-08-06,2.9099999999999997
TRMB,2025-11-05,3.02
TRMB,2026-02-10,3.13
TRMB,2026-05-06,3.31
TRMB,2026-08-12,3.46
TROW,2021-07-29,11.76
TROW,2021-10-28,12.48
TROW,2022-01-27,12.76
TROW,2022-04-28,12.370000000000001
TROW,2022-07-28,10.85
TROW,2022-10-27,9.440000000000001
TROW,2023-01-26,8.010000000000002
TROW,2023-05-02,7.08
TROW,2023-07-28,7.3100000000000005
TROW,2023-10-27,7.62
TROW,2024-02-08,7.6
TROW,2024-04-26,8.29
TROW,2024-07-26,8.53
TROW,2024-11-01,8.93
TROW,2025-02-05,9.33
TROW,2025-05-02,9.18
TROW,2025-08-01,9.16
TROW,2025-10-31,9.4
TROW,2026-02-04,9.72
TROW,2026-04-30,10.01
TROW,2026-07-31,10.34
TRV,2021-07-20,14.21
TRV,2021-10-19,13.69
TRV,2022-01-20,13.98
TRV,2022-04-19,15.47
TRV,2022-07-21,14.59
TRV,2022-10-19,14.19
TRV,2023-01-24,12.389999999999999
TRV,2023-04-19,12.280000000000001
TRV,2023-07-20,9.77
TRV,2023-10-18,9.520000000000001
TRV,2024-01-19,13.129999999999999
TRV,2024-04-17,13.71
TRV,2024-07-19,16.16
TRV,2024-10-17,19.63
TRV,2025-01-22,21.770000000000003
TRV,2025-04-16,18.99
TRV,2025-07-17,22.99
TRV,2025-10-16,25.71
TRV,2026-01-21,27.620000000000005
TRV,2026-04-16,33.42
TRV,2026-07-17,36.95
TSCO,2021-07-19,1.6
TSCO,2021-10-21,1.67
TSCO,2022-01-27,1.73
TSCO,2022-04-21,1.7500000000000002
TSCO,2022-07-21,1.82
TSCO,2022-10-20,1.85
TSCO,2023-01-26,1.95
TSCO,2023-04-27,1.95
TSCO,2023-07-27,2.01
TSCO,2023-10-26,2.06
TSCO,2024-02-01,2.0300000000000002
TSCO,2024-04-25,2.07
TSCO,2024-07-25,2.09
TSCO,2024-10-24,2.0700000000000003
TSCO,2025-01-30,2.0500000000000003
TSCO,2025-04-24,2.02
TSCO,2025-07-24,2.04
TSCO,2025-10-23,2.08
TSCO,2026-01-29,2.0700000000000003
TSCO,2026-04-21,2.04
TSCO,2026-07-23,1.92
TSLA,2021-07-26,1.31
TSLA,2021-10-20,1.68
TSLA,2022-01-26,2.26
TSLA,2022-04-20,3.02
TSLA,2022-07-20,3.3
TSLA,2022-10-19,3.73
TSLA,2023-01-25,4.07
TSLA,2023-04-19,3.85
TSLA,2023-07-19,4.0
TSLA,2023-10-18,3.61
TSLA,2024-01-24,3.13
TSLA,2024-04-23,2.73
TSLA,2024-07-23,2.34
TSLA,2024-10-23,2.4
TSLA,2025-01-29,2.42
TSLA,2025-04-22,2.24
TSLA,2025-07-23,2.12
TSLA,2025-10-22,1.9
TSLA,2026-01-28,1.67
TSLA,2026-04-22,1.81
TSLA,2026-07-22,1.7400000000000002
TSN,2021-08-09,7.79
TSN,2021-11-15,8.280000000000001
TSN,2022-02-07,9.21
TSN,2022-05-09,10.16
TSN,2022-08-08,9.4
TSN,2022-11-14,8.73
TSN,2023-02-06,6.71
TSN,2023-05-08,4.38
TSN,2023-08-07,2.59
TSN,2023-11-13,1.33
TSN,2024-02-05,1.17
TSN,2024-05-06,1.83
TSN,2024-08-05,2.55
TSN,2024-11-12,3.1
TSN,2025-02-03,3.55
TSN,2025-05-05,3.8499999999999996
TSN,2025-08-04,3.8899999999999997
TSN,2025-11-10,4.119999999999999
TSN,2026-02-02,3.95
TSN,2026-05-04,3.9
TSN,2026-08-03,3.98
TT,2021-08-04,5.68
TT,2021-11-03,5.76
TT,2022-01-31,6.09
TT,2022-05-04,6.2
TT,2022-08-03,6.44
TT,2022-11-02,6.91
TT,2023-02-02,7.37
TT,2023-05-03,7.66
TT,2023-08-02,8.18
TT,2023-11-01,8.700000000000001
TT,2024-02-01,9.05
TT,2024-04-30,9.58
TT,2024-07-31,10.2
TT,2024-10-30,10.78
TT,2025-01-30,11.219999999999999
TT,2025-04-30,11.73
TT,2025-07-30,12.309999999999999
TT,2025-10-30,12.82
TT,2026-01-29,13.07
TT,2026-04-30,13.25
TT,2026-07-30,13.68
TTD,2021-08-09,0.8200000000000001
TTD,2021-11-08,0.87
TTD,2022-02-16,0.9199999999999999
TTD,2022-05-10,0.99
TTD,2022-08-09,1.01
TTD,2022-11-09,1.0899999999999999
TTD,2023-02-15,1.05
TTD,2023-05-10,1.07
TTD,2023-08-09,1.15
TTD,2023-11-09,1.22
TTD,2024-02-15,1.25
TTD,2024-05-08,1.28
TTD,2024-08-08,1.3900000000000001
TTD,2024-11-07,1.47
TTD,2025-02-12,1.65
TTD,2025-05-08,1.72
TTD,2025-08-07,1.74
TTD,2025-11-06,1.7799999999999998
TTD,2026-02-25,1.78
TTD,2026-05-07,1.73
TTD,2026-08-06,1.6600000000000001
TTWO,2021-08-02,5.699999999999999
TTWO,2021-11-03,5.32
TTWO,2022-02-07,5.39
TTWO,2022-05-16,4.91
TTWO,2022-08-08,4.64
TTWO,2022-11-07,4.33
TTWO,2023-02-06,2.0999999999999996
TTWO,2023-05-17,-2.47
TTWO,2023-08-08,-4.43
TTWO,2023-11-08,-4.33
TTWO,2024-02-08,-2.89
TTWO,2024-05-16,-16.29
TTWO,2024-08-08,-16.59
TTWO,2024-11-06,-20.09
TTWO,2025-02-06,-19.889999999999997
TTWO,2025-05-15,-1.5699999999999983
TTWO,2025-08-07,0.5600000000000017
TTWO,2025-11-06,4.100000000000001
TTWO,2026-02-03,4.600000000000001
TTWO,2026-05-21,4.100000000000002
TTWO,2026-08-07,3.310000000000002
TXN,2021-07-21,7.38
TXN,2021-10-26,8.0
TXN,2022-01-25,8.469999999999999
TXN,2022-04-26,8.9
TXN,2022-07-26,9.32
TXN,2022-10-25,9.76
TXN,2023-01-24,9.620000000000001
TXN,2023-04-25,9.120000000000001
TXN,2023-07-25,8.47
TXN,2023-10-24,7.76
TXN,2024-01-23,7.03
TXN,2024-04-23,6.38
TXN,2024-07-23,5.68
TXN,2024-10-22,5.27
TXN,2025-01-23,5.109999999999999
TXN,2025-04-23,5.1899999999999995
TXN,2025-07-22,5.43
TXN,2025-10-21,5.5600000000000005
TXN,2026-01-27,5.529999999999999
TXN,2026-04-22,5.93
TXN,2026-07-22,6.66
TXT,2021-07-29,3.1
TXT,2021-10-28,3.4200000000000004
TXT,2022-01-27,3.3000000000000003
TXT,2022-04-28,3.48
TXT,2022-07-28,3.67
TXT,2022-10-27,3.88
TXT,2023-01-25,4.01
TXT,2023-04-27,4.18
TXT,2023-07-27,4.640000000000001
TXT,2023-10-26,5.07
TXT,2024-01-24,5.6
TXT,2024-04-25,5.75
TXT,2024-07-18,5.83
TXT,2024-10-24,5.74
TXT,2025-01-22,5.48
TXT,2025-04-24,5.5600000000000005
TXT,2025-07-24,5.57
TXT,2025-10-23,5.72
TXT,2026-01-28,6.109999999999999
TXT,2026-04-30,6.28
TXT,2026-07-28,6.35
TYL,2021-07-28,6.15
TYL,2021-10-27,6.66
TYL,2022-02-16,7.02
TYL,2022-04-27,7.49
TYL,2022-07-27,7.54
TYL,2022-10-26,7.59
TYL,2023-02-15,7.499999999999999
TYL,2023-04-26,7.359999999999999
TYL,2023-07-26,7.49
TYL,2023-11-01,7.569999999999999
TYL,2024-02-14,7.8
TYL,2024-04-24,8.239999999999998
TYL,2024-07-24,8.629999999999999
TYL,2024-10-23,9.01
TYL,2025-02-12,9.55
TYL,2025-04-23,10.129999999999999
TYL,2025-07-30,10.64
TYL,2025-10-29,11.09
TYL,2026-02-11,11.3
TYL,2026-04-29,11.61
TYL,2026-07-29,11.78
UAL,2021-07-20,-26.57
UAL,2021-10-19,-19.43
UAL,2022-01-19,-14.030000000000001
UAL,2022-04-20,-10.77
UAL,2022-07-20,-5.430000000000001
UAL,2022-10-18,-1.5999999999999996
UAL,2023-01-17,2.46
UAL,2023-04-18,6.07
UAL,2023-07-19,9.670000000000002
UAL,2023-10-17,10.51
UAL,2024-01-22,10.05
UAL,2024-04-16,10.53
UAL,2024-07-17,9.64
UAL,2024-10-15,9.32
UAL,2025-01-21,10.579999999999998
UAL,2025-04-15,11.639999999999999
UAL,2025-07-16,11.370000000000001
UAL,2025-10-15,10.82
UAL,2026-01-20,10.66
UAL,2026-04-21,10.94
UAL,2026-07-15,9.06
UBER,2021-08-04,-0.55
UBER,2021-11-04,-1.4000000000000001
UBER,2022-02-09,-0.36
UBER,2022-05-04,-0.91
UBER,2022-08-02,-0.7700000000000001
UBER,2022-11-01,0.29999999999999993
UBER,2023-02-08,-0.050000000000000155
UBER,2023-05-02,0.3799999999999999
UBER,2023-07-31,0.7499999999999999
UBER,2023-11-07,1.2999999999999998
UBER,2024-02-07,1.8699999999999999
UBER,2024-05-08,1.72
UBER,2024-08-06,2.12
UBER,2024-10-31,3.1899999999999995
UBER,2025-02-05,5.539999999999999
UBER,2025-05-07,6.17
UBER,2025-08-06,6.08
UBER,2025-11-04,7.779999999999999
UBER,2026-02-04,4.709999999999999
UBER,2026-05-06,4.029999999999999
UBER,2026-08-05,4.549999999999999
UDR,2021-10-26,-0.21
UDR,2022-02-08,-0.01999999999999999
UDR,2022-04-26,0.14
UDR,2022-07-26,0.17
UDR,2022-10-26,0.31000000000000005
UDR,2023-02-06,0.39
UDR,2023-04-26,0.44000000000000006
UDR,2023-07-26,1.4300000000000002
UDR,2023-10-26,1.4500000000000002
UDR,2024-02-06,1.3800000000000001
UDR,2024-04-30,1.44
UDR,2024-07-30,0.49
UDR,2024-10-30,0.45
UDR,2025-02-05,0.37000000000000005
UDR,2025-04-30,0.39
UDR,2025-07-30,0.36000000000000004
UDR,2025-10-29,0.4
UDR,2026-02-09,1.04
UDR,2026-04-29,1.34
UDR,2026-07-27,1.48
UHS,2021-07-26,12.67
UHS,2021-10-25,12.459999999999999
UHS,2022-02-24,11.82
UHS,2022-04-25,11.53
UHS,2022-07-25,9.969999999999999
UHS,2022-10-25,9.84
UHS,2023-02-27,9.91
UHS,2023-04-25,10.1
UHS,2023-07-25,10.43
UHS,2023-10-25,10.44
UHS,2024-02-27,10.55
UHS,2024-04-24,11.91
UHS,2024-07-24,13.689999999999998
UHS,2024-10-24,14.85
UHS,2025-02-26,16.64
UHS,2025-04-28,17.78
UHS,2025-07-28,18.82
UHS,2025-10-27,20.8
UHS,2026-02-25,21.759999999999998
UHS,2026-04-27,22.54
UHS,2026-07-27,23.169999999999998
ULTA,2021-05-27,9.559999999999999
ULTA,2021-08-25,13.389999999999999
ULTA,2021-12-02,16.009999999999998
ULTA,2022-03-10,18.009999999999998
ULTA,2022-05-26,20.21
ULTA,2022-08-25,21.35
ULTA,2022-12-01,22.75
ULTA,2023-03-09,24.020000000000003
ULTA,2023-05-25,24.6
ULTA,2023-08-24,24.919999999999998
ULTA,2023-11-30,24.65
ULTA,2024-03-14,26.049999999999997
ULTA,2024-05-30,25.639999999999997
ULTA,2024-08-29,24.919999999999998
ULTA,2024-12-05,24.99
ULTA,2025-03-13,25.37
ULTA,2025-05-29,25.6
ULTA,2025-08-28,26.080000000000002
ULTA,2025-12-04,26.080000000000002
ULTA,2026-03-12,25.63
ULTA,2026-06-02,26.67
UNH,2021-07-15,16.04
UNH,2021-10-14,17.05
UNH,2022-01-19,19.01
UNH,2022-04-14,19.19
UNH,2022-07-15,20.060000000000002
UNH,2022-10-14,21.330000000000002
UNH,2023-01-13,22.19
UNH,2023-04-14,22.96
UNH,2023-07-14,23.529999999999998
UNH,2023-10-13,24.299999999999997
UNH,2024-01-12,25.119999999999997
UNH,2024-04-16,25.770000000000003
UNH,2024-07-16,26.43
UNH,2024-10-15,27.02
UNH,2025-01-16,27.669999999999998
UNH,2025-04-17,27.959999999999997
UNH,2025-07-29,25.240000000000002
UNH,2025-10-28,21.009999999999998
UNH,2026-01-27,16.31
UNH,2026-04-21,16.340000000000003
UNH,2026-07-16,18.64
UNP,2021-07-22,9.1
UNP,2021-10-21,9.66
UNP,2022-01-20,9.96
UNP,2022-04-21,10.530000000000001
UNP,2022-07-21,10.73
UNP,2022-10-20,11.209999999999999
UNP,2023-01-24,11.219999999999999
UNP,2023-04-20,11.18
UNP,2023-07-26,10.819999999999999
UNP,2023-10-19,10.28
UNP,2024-01-25,10.32
UNP,2024-04-25,10.48
UNP,2024-07-25,10.649999999999999
UNP,2024-10-24,10.89
UNP,2025-01-23,11.16
UNP,2025-04-24,11.17
UNP,2025-07-24,11.459999999999999
UNP,2025-10-23,11.790000000000001
UNP,2026-01-27,11.67
UNP,2026-04-23,11.899999999999999
UNP,2026-07-23,12.280000000000001
UPS,2021-07-27,10.77
UPS,2021-10-26,11.200000000000001
UPS,2022-02-01,12.13
UPS,2022-04-26,12.409999999999998
UPS,2022-07-26,12.64
UPS,2022-10-25,12.92
UPS,2023-01-31,12.95
UPS,2023-04-25,12.100000000000001
UPS,2023-08-08,11.35
UPS,2023-10-26,9.93
UPS,2024-01-30,8.780000000000001
UPS,2024-04-23,8.01
UPS,2024-07-23,7.260000000000001
UPS,2024-10-24,7.450000000000001
UPS,2025-01-30,7.73
UPS,2025-04-29,7.79
UPS,2025-07-29,7.550000000000001
UPS,2025-10-28,7.53
UPS,2026-01-27,7.159999999999999
UPS,2026-04-28,6.74
UPS,2026-07-28,6.949999999999999
URI,2021-07-28,18.55
URI,2021-10-27,19.73
URI,2022-01-26,22.080000000000002
URI,2022-04-27,24.360000000000003
URI,2022-07-27,27.560000000000002
URI,2022-10-26,30.25
URI,2023-01-25,32.6
URI,2023-04-26,34.82
URI,2023-07-26,36.84
URI,2023-10-25,39.3
URI,2024-01-24,40.82
URI,2024-04-24,42.02
URI,2024-07-24,42.84
URI,2024-10-23,42.91
URI,2025-01-29,43.24
URI,2025-04-23,42.95
URI,2025-07-23,42.72
URI,2025-10-22,42.62
URI,2026-01-28,42.12
URI,2026-04-22,42.97
URI,2026-07-22,45.260000000000005
USB,2021-07-15,4.67
USB,2021-10-14,4.9799999999999995
USB,2022-01-19,5.1
USB,2022-04-14,4.640000000000001
USB,2022-07-15,4.35
USB,2022-10-14,4.21
USB,2023-01-25,3.71
USB,2023-04-19,3.76
USB,2023-07-19,3.61
USB,2023-10-18,3.3600000000000003
USB,2024-01-17,3.2800000000000002
USB,2024-05-01,3.02
USB,2024-07-17,3.1500000000000004
USB,2024-10-16,3.27
USB,2025-01-15,3.8500000000000005
USB,2025-04-16,4.1
USB,2025-07-17,4.24
USB,2025-10-16,4.43
USB,2026-01-20,4.62
USB,2026-04-16,4.77
USB,2026-07-16,5.01
V,2021-07-27,5.41
V,2021-10-26,5.91
V,2022-01-27,6.3
V,2022-04-26,6.71
V,2022-07-26,7.2
V,2022-10-25,7.51
V,2023-01-26,7.880000000000001
V,2023-04-25,8.18
V,2023-07-25,8.36
V,2023-10-24,8.76
V,2024-01-25,8.99
V,2024-04-23,9.41
V,2024-07-23,9.67
V,2024-10-29,10.05
V,2025-01-30,10.39
V,2025-04-29,10.64
V,2025-07-29,11.2
V,2025-10-28,11.469999999999999
V,2026-01-29,11.889999999999999
V,2026-04-28,12.44
V,2026-07-28,12.780000000000001
VEEV,2021-05-27,3.19
VEEV,2021-09-01,3.4099999999999997
VEEV,2021-12-01,3.6
VEEV,2022-03-02,3.72
VEEV,2022-06-01,3.8
VEEV,2022-08-31,3.89
VEEV,2022-12-01,4.05
VEEV,2023-03-01,4.3
VEEV,2023-05-31,4.22
VEEV,2023-08-30,4.4
VEEV,2023-12-06,4.61
VEEV,2024-02-29,4.84
VEEV,2024-05-30,5.43
VEEV,2024-08-28,5.84
VEEV,2024-12-05,6.25
VEEV,2025-03-05,6.61
VEEV,2025-05-28,7.08
VEEV,2025-08-27,7.45
VEEV,2025-11-20,7.74
VEEV,2026-03-04,8.06
VEEV,2026-06-03,8.33
VICI,2021-07-28,2.37
VICI,2021-10-27,2.56
VICI,2022-02-23,1.8000000000000003
VICI,2022-05-04,1.6400000000000001
VICI,2022-07-27,1.0500000000000003
VICI,2022-10-27,1.32
VICI,2023-02-23,1.5100000000000002
VICI,2023-05-01,1.6800000000000002
VICI,2023-07-26,2.42
VICI,2023-10-25,2.4800000000000004
VICI,2024-02-22,2.58
VICI,2024-05-01,2.6300000000000003
VICI,2024-07-31,2.6500000000000004
VICI,2024-10-31,2.68
VICI,2025-02-20,2.62
VICI,2025-04-30,2.5600000000000005
VICI,2025-07-30,2.6800000000000006
VICI,2025-10-30,2.7200000000000006
VICI,2026-02-25,2.62
VICI,2026-04-29,2.93
VICI,2026-07-29,2.58
VLO,2021-07-29,-3.4699999999999998
VLO,2021-10-21,-1.0899999999999999
VLO,2022-01-27,2.4400000000000004
VLO,2022-04-26,6.4799999999999995
VLO,2022-07-28,17.36
VLO,2022-10-25,23.28
VLO,2023-01-26,29.259999999999998
VLO,2023-04-27,35.22
VLO,2023-07-27,29.259999999999998
VLO,2023-10-26,29.61
VLO,2024-01-25,24.71
VLO,2024-04-25,20.26
VLO,2024-07-25,17.57
VLO,2024-10-24,11.219999999999999
VLO,2025-01-30,8.31
VLO,2025-04-24,5.379999999999999
VLO,2025-07-24,4.949999999999999
VLO,2025-10-23,7.470000000000001
VLO,2026-01-29,10.649999999999999
VLO,2026-04-30,13.979999999999999
VLO,2026-07-30,24.24
VLTO,2024-07-25,3.31
VLTO,2024-10-23,3.45
VLTO,2025-02-04,3.53
VLTO,2025-04-29,3.6399999999999997
VLTO,2025-07-28,3.7199999999999998
VLTO,2025-10-28,3.8200000000000003
VLTO,2026-02-03,3.91
VLTO,2026-04-28,4.03
VLTO,2026-07-28,4.210000000000001
VMC,2021-08-04,4.890000000000001
VMC,2021-11-04,4.87
VMC,2022-02-16,5.05
VMC,2022-05-04,5.09
VMC,2022-08-04,5.05
VMC,2022-11-02,5.29
VMC,2023-02-16,5.12
VMC,2023-05-04,5.340000000000001
VMC,2023-08-03,6.1000000000000005
VMC,2023-10-26,6.61
VMC,2024-02-16,6.99
VMC,2024-05-02,6.84
VMC,2024-08-06,6.9
VMC,2024-10-30,6.83
VMC,2025-02-18,7.540000000000001
VMC,2025-04-30,7.74
VMC,2025-07-31,7.84
VMC,2025-10-30,8.459999999999999
VMC,2026-02-17,7.989999999999999
VMC,2026-04-29,8.34
VMC,2026-07-29,8.48
VRSK,2021-08-03,4.99
VRSK,2021-11-02,5.109999999999999
VRSK,2022-02-22,5.3100000000000005
VRSK,2022-05-03,5.42
VRSK,2022-08-02,5.779999999999999
VRSK,2022-11-01,5.800000000000001
VRSK,2023-02-28,5.76
VRSK,2023-05-03,5.71
VRSK,2023-08-02,5.6899999999999995
VRSK,2023-11-01,5.75
VRSK,2024-02-21,5.72
VRSK,2024-05-01,6.06
VRSK,2024-07-31,6.29
VRSK,2024-10-30,6.4399999999999995
VRSK,2025-02-26,6.65
VRSK,2025-05-07,6.75
VRSK,2025-07-30,6.89
VRSK,2025-10-29,6.9399999999999995
VRSK,2026-02-18,7.15
VRSK,2026-04-29,7.24
VRSK,2026-07-29,7.34
VRSN,2021-07-22,5.59
VRSN,2021-10-28,5.71
VRSN,2022-02-10,5.92
VRSN,2022-04-28,5.93
VRSN,2022-07-28,6.06
VRSN,2022-10-27,6.14
VRSN,2023-02-09,6.25
VRSN,2023-04-27,6.5200000000000005
VRSN,2023-07-27,6.7700000000000005
VRSN,2023-10-26,7.0200000000000005
VRSN,2024-02-08,7.92
VRSN,2024-04-25,8.14
VRSN,2024-07-25,8.36
VRSN,2024-10-24,8.6
VRSN,2025-02-06,8.0
VRSN,2025-04-24,8.18
VRSN,2025-07-24,8.379999999999999
VRSN,2025-10-23,8.58
VRSN,2026-02-05,8.809999999999999
VRSN,2026-04-23,9.05
VRSN,2026-07-23,9.219999999999999
VRT,2021-07-28,1.17
VRT,2021-10-27,1.05
VRT,2022-02-23,0.76
VRT,2022-04-27,0.4700000000000001
VRT,2022-08-03,0.26
VRT,2022-10-26,0.29000000000000004
VRT,2023-02-22,0.53
VRT,2023-04-26,0.8500000000000001
VRT,2023-08-02,1.21
VRT,2023-10-25,1.5
VRT,2024-02-21,1.7800000000000002
VRT,2024-04-24,1.9700000000000002
VRT,2024-07-24,2.18
VRT,2024-10-23,2.42
VRT,2025-02-12,2.85
VRT,2025-04-23,3.06
VRT,2025-07-30,3.34
VRT,2025-10-22,3.8200000000000003
VRT,2026-02-11,4.19
VRT,2026-04-22,4.72
VRT,2026-07-29,5.29
VRTX,2021-07-29,11.24
VRTX,2021-11-02,12.16
VRTX,2022-01-26,13.02
VRTX,2022-05-05,13.559999999999999
VRTX,2022-08-04,14.05
VRTX,2022-10-27,14.5
VRTX,2023-02-07,14.89
VRTX,2023-05-01,14.42
VRTX,2023-08-01,14.71
VRTX,2023-11-06,14.78
VRTX,2024-02-05,15.219999999999999
VRTX,2024-05-06,16.93
VRTX,2024-08-01,0.21000000000000085
VRTX,2024-11-04,0.5100000000000007
VRTX,2025-02-10,0.2900000000000005
VRTX,2025-05-05,-0.40999999999999925
VRTX,2025-08-04,16.94
VRTX,2025-11-03,17.36
VRTX,2026-02-12,18.41
VRTX,2026-05-04,18.82
VRTX,2026-08-03,19.03
VST,2021-08-05,-1.6700000000000002
VST,2021-11-05,-2.23
VST,2022-02-25,-1.1000000000000003
VST,2022-05-06,1.9299999999999997
VST,2022-08-05,-1.4100000000000004
VST,2022-11-04,-0.17000000000000037
VST,2023-03-01,-2.3500000000000005
VST,2023-05-09,-2.6600000000000006
VST,2023-08-09,1.7799999999999996
VST,2023-11-07,1.5199999999999996
VST,2024-02-29,2.5899999999999994
VST,2024-05-10,2.9999999999999996
VST,2024-08-09,2.63
VST,2024-11-08,6.63
VST,2025-02-28,7.43
VST,2025-05-08,6.26
VST,2025-08-08,6.17
VST,2025-11-07,2.3
VST,2026-02-27,1.7
VST,2026-05-08,5.5
VST,2026-08-10,5.55
VTR,2021-08-06,0.35
VTR,2021-11-05,0.19999999999999998
VTR,2022-02-17,-0.06000000000000002
VTR,2022-05-05,0.13999999999999999
VTR,2022-08-04,-0.09000000000000001
VTR,2022-11-03,0.029999999999999995
VTR,2023-02-09,-0.05
VTR,2023-05-08,-0.07999999999999999
VTR,2023-08-03,0.31000000000000005
VTR,2023-11-02,0.11000000000000004
VTR,2024-02-14,-0.09999999999999992
VTR,2024-05-01,-0.22999999999999995
VTR,2024-08-01,-0.49
VTR,2024-10-30,-0.26
VTR,2025-02-12,0.16999999999999998
VTR,2025-04-30,0.3
VTR,2025-07-30,0.42999999999999994
VTR,2025-10-29,0.5
VTR,2026-02-05,0.5
VTR,2026-04-27,0.5
VTR,2026-07-29,0.52
VTRS,2021-08-09,3.83
VTRS,2021-11-08,3.51
VTRS,2022-02-28,3.69
VTRS,2022-05-09,3.7
VTRS,2022-08-08,3.6
VTRS,2022-11-07,3.4800000000000004
VTRS,2023-02-27,3.35
VTRS,2023-05-08,3.19
VTRS,2023-08-07,3.06
VTRS,2023-11-07,2.98
VTRS,2024-02-28,2.93
VTRS,2024-05-09,2.83
VTRS,2024-08-08,2.77
VTRS,2024-11-07,2.73
VTRS,2025-02-27,2.65
VTRS,2025-05-08,2.48
VTRS,2025-08-07,2.41
VTRS,2025-11-06,2.33
VTRS,2026-02-26,2.36
VTRS,2026-05-07,2.45
VTRS,2026-08-06,2.5199999999999996
VZ,2021-07-21,5.140000000000001
VZ,2021-10-20,5.3
VZ,2022-01-25,5.4
VZ,2022-04-22,5.4399999999999995
VZ,2022-07-22,5.380000000000001
VZ,2022-10-21,5.290000000000001
VZ,2023-01-24,5.17
VZ,2023-04-25,5.0200000000000005
VZ,2023-07-25,4.92
VZ,2023-10-24,4.82
VZ,2024-01-23,4.71
VZ,2024-04-22,4.66
VZ,2024-07-22,4.6
VZ,2024-10-22,4.57
VZ,2025-01-24,4.59
VZ,2025-04-22,4.63
VZ,2025-07-21,4.7
VZ,2025-10-29,4.72
VZ,2026-01-30,4.71
VZ,2026-04-27,4.8
VZ,2026-07-24,4.880000000000001
WAB,2021-07-29,3.88
WAB,2021-10-27,4.069999999999999
WAB,2022-02-16,4.27
WAB,2022-04-27,4.51
WAB,2022-08-05,4.68
WAB,2022-11-01,4.76
WAB,2023-02-15,4.88
WAB,2023-04-26,5.03
WAB,2023-07-27,5.21
WAB,2023-10-25,5.69
WAB,2024-02-14,5.930000000000001
WAB,2024-04-24,6.54
WAB,2024-07-24,7.09
WAB,2024-10-23,7.39
WAB,2025-02-12,7.529999999999999
WAB,2025-04-23,7.92
WAB,2025-07-24,8.23
WAB,2025-10-22,8.55
WAB,2026-02-11,8.97
WAB,2026-04-22,9.4
WAB,2026-07-22,9.89
WAT,2021-08-03,10.7
WAT,2021-11-02,11.2
WAT,2022-02-01,11.219999999999999
WAT,2022-05-03,11.73
WAT,2022-08-02,11.879999999999999
WAT,2022-11-01,11.86
WAT,2023-02-15,12.030000000000001
WAT,2023-05-09,11.72
WAT,2023-08-02,11.77
WAT,2023-11-07,11.969999999999999
WAT,2024-02-06,11.75
WAT,2024-05-07,11.469999999999999
WAT,2024-07-31,11.3
WAT,2024-11-01,11.39
WAT,2025-02-12,11.87
WAT,2025-05-06,11.91
WAT,2025-08-04,12.23
WAT,2025-11-04,12.7
WAT,2026-02-09,13.13
WAT,2026-05-05,13.580000000000002
WAT,2026-08-04,13.680000000000001
WBD,2021-08-03,2.75
WBD,2021-11-03,2.21
WBD,2022-02-24,1.53
WBD,2022-04-26,2.1
WBD,2022-08-05,-0.3699999999999999
WBD,2022-11-03,-0.8599999999999999
WBD,2023-02-22,-1.3599999999999999
WBD,2023-05-05,-2.5199999999999996
WBD,2023-08-03,-1.5299999999999998
WBD,2023-11-08,-1.48
WBD,2024-02-23,-1.22
WBD,2024-05-09,-1.24
WBD,2024-08-07,-0.9099999999999999
WBD,2024-11-07,-0.6899999999999998
WBD,2025-02-27,-0.7299999999999999
WBD,2025-05-08,-0.5099999999999999
WBD,2025-08-07,0.3000000000000001
WBD,2025-11-06,0.1900000000000001
WBD,2026-02-26,0.29000000000000015
WBD,2026-05-06,-0.6999999999999997
WBD,2026-08-06,-1.2699999999999996
WDAY,2021-05-26,3.3
WDAY,2021-08-26,3.69
WDAY,2021-11-18,3.93
WDAY,2022-02-28,3.9800000000000004
WDAY,2022-05-26,3.94
WDAY,2022-08-25,3.54
WDAY,2022-11-29,3.4299999999999997
WDAY,2023-02-27,3.6399999999999997
WDAY,2023-05-25,4.12
WDAY,2023-08-24,4.72
WDAY,2023-11-28,5.26
WDAY,2024-02-26,5.84
WDAY,2024-05-23,6.27
WDAY,2024-08-22,6.59
WDAY,2024-11-26,6.95
WDAY,2025-02-25,7.3
WDAY,2025-05-22,7.79
WDAY,2025-08-21,8.25
WDAY,2025-11-25,8.68
WDAY,2026-02-24,9.23
WDAY,2026-05-21,9.66
WDC,2021-08-04,4.52
WDC,2021-10-28,6.36
WDC,2022-01-27,7.97
WDC,2022-04-28,8.6
WDC,2022-08-05,8.22
WDC,2022-10-27,5.93
WDC,2023-01-31,3.21
WDC,2023-05-08,0.18999999999999995
WDC,2023-07-31,-3.5700000000000003
WDC,2023-10-30,-5.53
WDC,2024-01-25,-5.800000000000001
WDC,2024-04-25,-3.8000000000000003
WDC,2024-07-31,-0.3800000000000001
WDC,2024-10-24,3.16
WDC,2025-01-29,5.62
WDC,2025-04-30,6.35
WDC,2025-07-30,6.57
WDC,2025-10-30,6.57
WDC,2026-01-29,6.93
WDC,2026-04-30,8.290000000000001
WDC,2026-08-05,10.190000000000001
WEC,2021-08-03,4.08
WEC,2021-11-02,4.16
WEC,2022-02-03,4.109999999999999
WEC,2022-05-02,4.29
WEC,2022-08-02,4.33
WEC,2022-11-01,4.37
WEC,2023-02-02,4.46
WEC,2023-05-01,4.28
WEC,2023-08-01,4.29
WEC,2023-10-31,4.33
WEC,2024-02-01,4.220000000000001
WEC,2024-05-01,4.58
WEC,2024-07-31,4.33
WEC,2024-10-31,4.15
WEC,2025-02-04,4.89
WEC,2025-05-06,5.19
WEC,2025-07-30,5.28
WEC,2025-10-30,5.29
WEC,2026-02-05,5.28
WEC,2026-05-05,5.46
WEC,2026-07-29,5.61
WELL,2021-07-29,0.76
WELL,2021-11-04,0.81
WELL,2022-02-15,0.7100000000000001
WELL,2022-05-10,0.64
WELL,2022-08-09,0.6000000000000001
WELL,2022-11-07,0.52
WELL,2023-02-15,0.47000000000000003
WELL,2023-05-02,0.48000000000000004
WELL,2023-07-31,0.49000000000000005
WELL,2023-10-30,0.69
WELL,2024-02-13,0.8200000000000001
WELL,2024-04-29,1.02
WELL,2024-07-29,1.23
WELL,2024-10-28,1.3900000000000001
WELL,2025-02-11,1.48
WELL,2025-04-28,1.54
WELL,2025-07-28,1.5999999999999999
WELL,2025-10-27,1.74
WELL,2026-02-10,1.95
WELL,2026-04-28,2.1
WELL,2026-07-27,2.1900000000000004
WFC,2021-07-14,3.85
WFC,2021-10-14,4.29
WFC,2022-01-14,4.84
WFC,2022-04-14,4.67
WFC,2022-07-15,4.12
WFC,2022-10-14,4.25
WFC,2023-01-13,4.45
WFC,2023-04-14,4.8
WFC,2023-07-14,5.2299999999999995
WFC,2023-10-13,5.41
WFC,2024-01-12,4.819999999999999
WFC,2024-04-12,4.85
WFC,2024-07-12,4.93
WFC,2024-10-11,4.96
WFC,2025-01-15,5.53
WFC,2025-04-11,5.55
WFC,2025-07-15,5.760000000000001
WFC,2025-10-14,5.9799999999999995
WFC,2026-01-14,6.17
WFC,2026-04-14,6.45
WFC,2026-07-14,6.91
WM,2021-07-27,4.55
WM,2021-10-26,4.720000000000001
WM,2022-02-02,4.8500000000000005
WM,2022-04-26,5.08
WM,2022-07-27,5.25
WM,2022-10-26,5.55
WM,2023-01-31,5.59
WM,2023-04-26,5.61
WM,2023-07-25,5.68
WM,2023-10-24,5.75
WM,2024-02-12,6.1899999999999995
WM,2024-04-24,6.63
WM,2024-07-24,6.94
WM,2024-10-28,7.2700000000000005
WM,2025-01-29,7.23
WM,2025-04-28,7.15
WM,2025-07-28,7.25
WM,2025-10-27,7.27
WM,2026-01-28,7.5
WM,2026-04-28,7.640000000000001
WM,2026-07-28,7.74
WMB,2021-08-02,1.2
WMB,2021-11-01,1.27
WMB,2022-02-21,1.35
WMB,2022-05-02,1.4100000000000001
WMB,2022-08-01,1.49
WMB,2022-10-31,1.63
WMB,2023-02-20,1.7699999999999998
WMB,2023-05-03,1.92
WMB,2023-08-02,1.99
WMB,2023-11-01,1.96
WMB,2024-02-14,1.9100000000000001
WMB,2024-05-06,1.94
WMB,2024-08-05,1.95
WMB,2024-11-06,1.9300000000000002
WMB,2025-02-12,1.92
WMB,2025-05-05,1.93
WMB,2025-08-04,1.96
WMB,2025-11-03,2.02
WMB,2026-02-10,2.1
WMB,2026-05-04,2.23
WMB,2026-08-03,2.27
WMT,2021-05-18,1.9900000000000002
WMT,2021-08-17,2.06
WMT,2021-11-16,2.09
WMT,2022-02-17,2.14
WMT,2022-05-17,2.0100000000000002
WMT,2022-08-16,2.01
WMT,2022-11-15,2.0300000000000002
WMT,2023-02-21,2.09
WMT,2023-05-18,2.15
WMT,2023-08-17,2.17
WMT,2023-11-16,2.1799999999999997
WMT,2024-02-20,2.21
WMT,2024-05-16,2.32
WMT,2024-08-15,2.38
WMT,2024-11-19,2.45
WMT,2025-02-20,2.51
WMT,2025-05-15,2.52
WMT,2025-08-21,2.5300000000000002
WMT,2025-11-20,2.5700000000000003
WMT,2026-02-19,2.65
WMT,2026-05-21,2.7
WRB,2021-07-22,1.7
WRB,2021-10-21,2.0
WRB,2022-01-27,2.27
WRB,2022-04-25,2.52
WRB,2022-07-21,2.75
WRB,2022-10-24,2.83
WRB,2023-01-26,2.92
WRB,2023-04-20,2.8600000000000003
WRB,2023-07-20,2.87
WRB,2023-10-23,3.1
WRB,2024-01-24,3.3000000000000003
WRB,2024-04-23,3.67
WRB,2024-07-22,3.95
WRB,2024-10-21,3.9600000000000004
WRB,2025-01-27,4.12
WRB,2025-04-21,4.09
WRB,2025-07-21,4.1
WRB,2025-10-20,4.29
WRB,2026-01-26,4.29
WRB,2026-04-21,4.58
WRB,2026-07-20,4.8
WSM,2021-05-26,5.5600000000000005
WSM,2021-08-25,6.32
WSM,2021-11-18,6.69
WSM,2022-03-16,7.420000000000001
WSM,2022-05-25,7.720000000000001
WSM,2022-08-24,8.05
WSM,2022-11-17,8.26
WSM,2023-03-16,8.190000000000001
WSM,2023-05-23,7.620000000000001
WSM,2023-08-23,7.240000000000001
WSM,2023-11-16,7.210000000000001
WSM,2024-03-13,7.290000000000001
WSM,2024-05-22,7.850000000000001
WSM,2024-08-22,8.030000000000001
WSM,2024-11-20,8.16
WSM,2025-03-19,8.72
WSM,2025-05-22,8.83
WSM,2025-08-27,9.09
WSM,2025-11-19,9.090000000000002
WSM,2026-03-18,8.850000000000001
WSM,2026-05-21,8.930000000000001
WST,2021-07-29,7.0
WST,2021-10-28,7.91
WST,2022-02-17,8.61
WST,2022-04-28,8.86
WST,2022-07-28,8.870000000000001
WST,2022-10-27,8.84
WST,2023-02-16,8.57
WST,2023-04-27,8.25
WST,2023-07-27,7.89
WST,2023-10-26,8.02
WST,2024-02-15,8.08
WST,2024-04-25,7.66
WST,2024-07-25,7.07
WST,2024-10-24,6.76
WST,2025-02-13,6.75
WST,2025-04-24,6.64
WST,2025-07-24,6.96
WST,2025-10-23,7.069999999999999
WST,2026-02-12,7.29
WST,2026-04-23,7.97
WST,2026-07-23,8.5
WTW,2021-08-03,12.860000000000001
WTW,2021-10-28,13.260000000000002
WTW,2022-02-08,13.7
WTW,2022-04-28,12.719999999999999
WTW,2022-07-28,12.379999999999999
WTW,2022-10-27,12.85
WTW,2023-02-09,13.510000000000002
WTW,2023-04-27,13.690000000000001
WTW,2023-07-27,13.42
WTW,2023-10-26,13.46
WTW,2024-02-06,14.57
WTW,2024-04-25,15.020000000000001
WTW,2024-07-25,15.520000000000003
WTW,2024-10-31,16.21
WTW,2025-02-04,16.900000000000002
WTW,2025-04-24,16.740000000000002
WTW,2025-07-31,17.05
WTW,2025-10-30,17.19
WTW,2026-02-03,17.18
WTW,2026-04-30,17.770000000000003
WTW,2026-07-30,18.26
WY,2021-07-30,3.2800000000000002
WY,2021-10-29,3.3600000000000003
WY,2022-01-28,3.37
WY,2022-04-29,3.77
WY,2022-07-29,3.46
WY,2022-10-27,3.28
WY,2023-01-26,3.0300000000000002
WY,2023-04-27,1.93
WY,2023-07-27,1.19
WY,2023-10-26,1.1
WY,2024-01-25,1.02
WY,2024-04-25,0.97
WY,2024-07-25,0.86
WY,2024-10-24,0.5800000000000001
WY,2025-01-30,0.53
WY,2025-04-24,0.48
WY,2025-07-24,0.39
WY,2025-10-30,0.39999999999999997
WY,2026-01-29,0.2
WY,2026-04-30,0.2
WY,2026-07-30,0.21000000000000002
WYNN,2021-08-04,-13.02
WYNN,2021-11-09,-7.220000000000001
WYNN,2022-02-15,-6.140000000000001
WYNN,2022-05-10,-4.94
WYNN,2022-08-09,-4.64
WYNN,2022-11-09,-4.6
WYNN,2023-02-08,-4.459999999999999
WYNN,2023-05-09,-2.9599999999999995
WYNN,2023-08-09,-1.2299999999999998
WYNN,2023-11-09,0.96
WYNN,2024-02-07,4.1
WYNN,2024-05-07,5.4
WYNN,2024-08-06,5.609999999999999
WYNN,2024-11-04,5.52
WYNN,2025-02-13,6.03
WYNN,2025-05-06,5.51
WYNN,2025-08-07,5.48
WYNN,2025-11-06,5.44
WYNN,2026-02-12,4.1899999999999995
WYNN,2026-05-07,4.369999999999999
WYNN,2026-08-04,4.52
XEL,2021-07-29,2.9299999999999997
XEL,2021-10-28,2.92
XEL,2022-01-27,2.96
XEL,2022-04-28,2.9899999999999998
XEL,2022-07-28,3.01
XEL,2022-10-27,3.0599999999999996
XEL,2023-01-26,3.17
XEL,2023-04-27,3.23
XEL,2023-07-27,3.15
XEL,2023-10-27,3.2
XEL,2024-01-25,3.34
XEL,2024-04-25,3.46
XEL,2024-08-01,3.4799999999999995
XEL,2024-10-31,3.5
XEL,2025-02-06,3.4800000000000004
XEL,2025-04-24,3.4400000000000004
XEL,2025-07-31,3.6500000000000004
XEL,2025-10-30,3.64
XEL,2026-02-05,3.79
XEL,2026-04-30,3.86
XEL,2026-07-30,4.04
XOM,2021-07-30,1.6
XOM,2021-10-29,3.3600000000000003
XOM,2022-02-01,5.380000000000001
XOM,2022-04-29,6.8
XOM,2022-07-29,9.84
XOM,2022-10-28,12.71
XOM,2023-01-31,14.059999999999999
XOM,2023-04-28,14.82
XOM,2023-07-28,12.620000000000001
XOM,2023-10-27,10.440000000000001
XOM,2024-02-02,9.52
XOM,2024-04-26,8.75
XOM,2024-08-02,8.95
XOM,2024-11-01,8.600000000000001
XOM,2025-01-31,7.79
XOM,2025-05-02,7.49
XOM,2025-08-01,6.99
XOM,2025-10-31,6.949999999999999
XOM,2026-01-30,6.99
XOM,2026-05-01,6.39
XOM,2026-07-31,8.86
XYL,2021-08-03,2.6500000000000004
XYL,2021-11-02,2.66
XYL,2022-02-03,2.48
XYL,2022-05-04,2.3899999999999997
XYL,2022-08-02,2.39
XYL,2022-11-01,2.5500000000000003
XYL,2023-02-07,2.84
XYL,2023-05-04,3.0900000000000003
XYL,2023-08-02,3.41
XYL,2023-10-31,3.6100000000000003
XYL,2024-02-06,3.68
XYL,2024-05-02,3.86
XYL,2024-07-30,3.97
XYL,2024-10-31,4.090000000000001
XYL,2025-02-04,4.28
XYL,2025-04-29,4.41
XYL,2025-07-31,4.58
XYL,2025-10-28,4.84
XYL,2026-02-10,5.08
XYL,2026-04-28,5.17
XYL,2026-07-28,5.37
XYZ,2021-08-02,1.73
XYZ,2021-11-04,1.7599999999999998
XYZ,2022-02-24,1.71
XYZ,2022-05-05,1.48
XYZ,2022-08-04,1.0
XYZ,2022-11-03,1.05
XYZ,2023-02-23,1.0
XYZ,2023-05-04,1.2200000000000002
XYZ,2023-08-03,1.43
XYZ,2023-11-02,1.56
XYZ,2024-02-22,1.79
XYZ,2024-05-02,2.24
XYZ,2024-08-01,2.7800000000000002
XYZ,2024-11-07,3.1100000000000003
XYZ,2025-02-20,3.37
XYZ,2025-05-01,3.08
XYZ,2025-08-07,2.77
XYZ,2025-11-06,2.43
XYZ,2026-02-26,2.37
XYZ,2026-05-07,2.66
XYZ,2026-08-05,3.06
YUM,2021-07-29,4.39
YUM,2021-10-28,4.6
YUM,2022-02-09,4.47
YUM,2022-05-04,4.45
YUM,2022-08-03,4.34
YUM,2022-11-02,4.21
YUM,2023-02-08,4.5
YUM,2023-05-03,4.510000000000001
YUM,2023-08-02,4.87
YUM,2023-11-01,5.220000000000001
YUM,2024-02-07,5.17
YUM,2024-05-01,5.26
YUM,2024-08-06,5.2
YUM,2024-11-05,5.13
YUM,2025-02-06,5.48
YUM,2025-04-30,5.63
YUM,2025-08-05,5.720000000000001
YUM,2025-11-04,5.930000000000001
YUM,2026-02-04,6.05
YUM,2026-04-29,6.25
YUM,2026-07-30,6.43
ZBH,2021-08-03,7.529999999999999
ZBH,2021-11-04,7.529999999999999
ZBH,2022-02-07,7.37
ZBH,2022-05-03,7.27
ZBH,2022-08-02,7.1899999999999995
ZBH,2022-11-02,6.96
ZBH,2023-02-03,6.89
ZBH,2023-05-02,7.17
ZBH,2023-08-01,7.17
ZBH,2023-11-07,7.24
ZBH,2024-02-08,7.5600000000000005
ZBH,2024-05-02,7.609999999999999
ZBH,2024-08-07,7.800000000000001
ZBH,2024-10-30,7.89
ZBH,2025-02-06,8.0
ZBH,2025-05-05,7.870000000000001
ZBH,2025-08-07,7.930000000000001
ZBH,2025-11-05,8.09
ZBH,2026-02-10,8.2
ZBH,2026-04-28,8.479999999999999
ZBH,2026-08-05,8.48
ZBRA,2021-08-03,17.09
ZBRA,2021-11-02,18.37
ZBRA,2022-02-10,18.45
ZBRA,2022-05-03,17.67
ZBRA,2022-08-02,17.71
ZBRA,2022-11-01,17.28
ZBRA,2023-02-16,17.490000000000002
ZBRA,2023-05-02,17.419999999999998
ZBRA,2023-08-01,16.099999999999998
ZBRA,2023-10-31,12.849999999999998
ZBRA,2024-02-15,9.809999999999999
ZBRA,2024-04-30,8.709999999999999
ZBRA,2024-07-30,8.6
ZBRA,2024-10-29,11.219999999999999
ZBRA,2025-02-13,13.509999999999998
ZBRA,2025-04-29,14.689999999999998
ZBRA,2025-08-05,15.12
ZBRA,2025-10-28,15.509999999999998
ZBRA,2026-02-12,15.839999999999998
ZBRA,2026-05-12,16.57
ZBRA,2026-08-04,19.31
ZTS,2021-08-05,4.46
ZTS,2021-11-04,4.609999999999999
ZTS,2022-02-15,4.699999999999999
ZTS,2022-05-05,4.76
ZTS,2022-08-04,4.77
ZTS,2022-11-03,4.73
ZTS,2023-02-14,4.88
ZTS,2023-05-04,4.869999999999999
ZTS,2023-08-08,5.08
ZTS,2023-11-02,5.23
ZTS,2024-02-13,5.319999999999999
ZTS,2024-05-02,5.39
ZTS,2024-08-06,5.54
ZTS,2024-11-04,5.76
ZTS,2025-02-13,5.92
ZTS,2025-05-06,6.0200000000000005
ZTS,2025-08-05,6.22
ZTS,2025-11-04,6.34
ZTS,2026-02-12,6.42
ZTS,2026-05-07,6.47
ZTS,2026-08-06,6.58
